2020-02-28 17:50:10,b'RT @pghVlELQBO0LPyL: @Beyond_Contempt @OMichaelides @SavvidesGL @UKinCyprus Seem like the same injustice that British Girl had to go throug\xe2\x80\xa6'
2020-02-28 17:50:09,"b'RT @JKO415: In the 2018 election, Google classified Republicans as Nazis.\n \nGoogle amounts for 90% of all searches. We cannot allow big tec\xe2\x80\xa6'"
2020-02-28 17:50:08,"b""RT @yes_i_vape: Hi #vapefam. I've created a new survey here: https://t.co/GXx17QJaRG\n\nShare, retweet, discuss, let's get this rolling. Resu\xe2\x80\xa6"""
2020-02-28 17:50:08,b'@undeadscribe Just google cross dressing nazis photo'
2020-02-28 17:50:08,"b'Learn how your #nonprofit can make the most of the $10,000 every single month that Google offers as in-kind adverti\xe2\x80\xa6 https://t.co/Jx7vRONtOJ'"
2020-02-28 17:50:08,"b'If you are in the United States, please take this survey: https://t.co/OH1WJihSpa Need 5,000 responses before resul\xe2\x80\xa6 https://t.co/uwCc9kSkyJ'"
2020-02-28 17:50:07,"b""Trivia (please don't use Google):\n \nWhich NCAAM team has the best record against the spread this season?\n\nLooking f\xe2\x80\xa6 https://t.co/LbWn2Um1kU"""
2020-02-28 17:50:06,b'How will AI really be implemented in medicine? 167 submissions to our https://t.co/BPGQA08VsO symposium + invited s\xe2\x80\xa6 https://t.co/MJsZFW3YbA'
2020-02-28 17:50:05,b'RT @IMJOONSCRAB: Army! As you might know Ytb did delete some of our views! Instead of tagging them on twt and trending a hstg i made a temp\xe2\x80\xa6'
2020-02-28 17:50:05,b'Rich results testing tool for #GoogleHome displays introduced: https://t.co/CdJoXd4ZvI https://t.co/4LeS4OoNqD'
2020-02-28 17:50:05,"b'@WrittenByHanna With a whole ass sketch comedy show! Google is free, ignorance is a choice'"
2020-02-28 17:50:05,b'#Funny #Posters Stop here! Order #exclusive Google #1 ranked @LTCartoons #offbeat #comic #Gifts from the #Comfort &amp;\xe2\x80\xa6 https://t.co/fvSqxtUfsd'
2020-02-28 17:50:04,"b""RT @little_dipperPH: [PH GO] #ITZY IT'Z ME ALBUM\n\xf0\x9f\x92\xb8Php 750 / Version\nAll in + LSF\n\n\xf0\x9f\x97\x93\xef\xb8\x8fDOO: 03/04\n\xf0\x9f\x97\x93\xef\xb8\x8fDOP: 03/05\n\xf0\x9f\x93\xa9FORM: https://t.co/cm0yDHAtDi\xe2\x80\xa6"""
2020-02-28 17:50:04,b'$FIT Fitbit (Acquirer: Google LLC $GOOG)\n\nDOWN $0.11 -1.73% at $6.25\n#riskarbitrage spread now at 17.60%\n\nDedicated\xe2\x80\xa6 https://t.co/O7unziswX0'
2020-02-28 17:50:04,"b'RT @allisongeroi: thankful to the person who wrote this letter, very angry that they had to do so. (note that it contains graphic descripti\xe2\x80\xa6'"
2020-02-28 17:50:04,b'RT @sportbible: Go and type \xe2\x80\x9cempty seats\xe2\x80\x9d into the Google Maps search engine. \xf0\x9f\x98\xac https://t.co/GH2CYCmhM6'
2020-02-28 17:50:04,"b""RT @IAM_Laura9: Alice In Wonderland... \nToday is the author of AIW \nSir John Tenniel's 200th Birthday\n\nGoogle is 'honoring' his Birthday wi\xe2\x80\xa6"""
2020-02-28 17:50:03,"b""RT @kimparkdaily: Let's channel our anger. \n\n+ Continue to stream ON MV on YT (We goin'100 million) \n+ Stream ON on Spotify\n+ Buy ON on iTu\xe2\x80\xa6"""
2020-02-28 17:50:03,b'Upholding the legacy of Black entrepreneurship in Atlanta @google https://t.co/cYRLdpcSRQ'
2020-02-28 17:50:03,"b'RT @TheRealOlaDiab: Out of the 82,164 people who were infected by COVID-19 worldwide, 32,872 have recovered and only 2,801 have died https:\xe2\x80\xa6'"
2020-02-28 17:50:02,"b'In feature battle with Google, Yelp improves restaurant waitlist functionality https://t.co/EmBakTCoIz https://t.co/3yqejRw7im'"
2020-02-28 17:50:02,b'RT @dailycapaldi: Peter\xe2\x80\x99s single \xe2\x80\x9cIf I Could Pray\xe2\x80\x9d is available now! #IfICouldPray #PeterCapaldi\n\n\xe2\x80\xa2 iTunes: https://t.co/r1CqtppKzF\n\xe2\x80\xa2 Googl\xe2\x80\xa6'
2020-02-28 17:50:02,b'RT @IMJOONSCRAB: Army! As you might know Ytb did delete some of our views! Instead of tagging them on twt and trending a hstg i made a temp\xe2\x80\xa6'
2020-02-28 17:50:02,"b""Sir John Tenniel's 200th Birthday! #GoogleDoodle\nhttps://t.co/dJfoSRyfuy"""
2020-02-28 17:50:02,b'RT @IMJOONSCRAB: Army! As you might know Ytb did delete some of our views! Instead of tagging them on twt and trending a hstg i made a temp\xe2\x80\xa6'
2020-02-28 17:50:01,"b'RT @Reuters: Quantum computers: Tech giants Google, IBM, Microsoft and Honeywell are all in the race for quantum supremacy https://t.co/VIK\xe2\x80\xa6'"
2020-02-28 17:50:01,"b""@kamalpk1_ Taking this like a very healthy conversation, I've seen the caption as well.\nIf you want, check that quo\xe2\x80\xa6 https://t.co/eqPdVMvReJ"""
2020-02-28 17:50:00,b'RT @EdwardGLuce: \xe2\x80\x9cIndia is being led by a man whose political career is marked by the blood of innocents\xe2\x80\x9d. The fearless @RanaAyyub on the s\xe2\x80\xa6'
2020-02-28 17:50:00,b'RT @IMJOONSCRAB: Army! As you might know Ytb did delete some of our views! Instead of tagging them on twt and trending a hstg i made a temp\xe2\x80\xa6'
2020-02-28 17:50:00,"b'RT @GOPLeader: In the 2018 election, Google classified Republicans as Nazis.\n \nGoogle amounts for 90% of all searches. We cannot allow big\xe2\x80\xa6'"
2020-02-28 17:50:00,b'RT @TheBarbNation: Google is free https://t.co/sHSVi5TyNw'
2020-02-28 17:49:59,b'RT @Tempus_Fugit0: If I Could Pray from @MonksRoadRecord featuring #PeterCapaldi is out today! Go buy it\n\nhttps://t.co/Pcq11Lo1oG\n\nhttps://\xe2\x80\xa6'
2020-02-28 17:49:58,b'@leadWithGUTS @Mz_Leadership @Chris_Kolenda @KoberStratLead Harvard and Google both determine that compared with pe\xe2\x80\xa6 https://t.co/qKDaw2vDwO'
2020-02-28 17:49:56,"b""RT @Nmozz: Constantly having to explain why something is racist has a 'significant impact' on mental health:\n\n'In a world where Google exis\xe2\x80\xa6"""
2020-02-28 17:49:56,b'RT @janicewu_: [usa go] please rt!\n\n2020 taehyung valentine\xe2\x80\x99s day kit by @Oracle_V1230 \n\nprice: varies\n\ncloses: february 28th\n\nform: https:\xe2\x80\xa6'
2020-02-28 17:49:56,b'RT @JanvierPopote: A North Korean official shot dead after he broke the terms of his coronavirus quarantine.\n\nPresident Kim Jong-un reporte\xe2\x80\xa6'
2020-02-28 17:49:56,b'@TheoPaphitis what an awesome today! From mental health awareness to Google and then your inspirational fireside ch\xe2\x80\xa6 https://t.co/WWbKVnZjCx'
2020-02-28 17:49:55,"b""RT @kimparkdaily: Let's channel our anger. \n\n+ Continue to stream ON MV on YT (We goin'100 million) \n+ Stream ON on Spotify\n+ Buy ON on iTu\xe2\x80\xa6"""
2020-02-28 17:49:55,b'Here is the episode podcast.  https://t.co/LbTAQP5pDN'
2020-02-28 17:49:55,"b'RT @GOPLeader: In the 2018 election, Google classified Republicans as Nazis.\n \nGoogle amounts for 90% of all searches. We cannot allow big\xe2\x80\xa6'"
2020-02-28 17:49:54,b'@TrumpCanuck @bbl58 @Michaelcraddo16 @GregoryJHall1 @45HarisonHarold @robin_ked @DRottiemom @Jingoman111 @mbees39\xe2\x80\xa6 https://t.co/FQqjmgm3Vk'
2020-02-28 17:49:53,"b'RT @MsIsmailaj: \xe2\x9c\x85 SCHOLARSHIP ALERT: Check this one out, yall! Find it here to apply: https://t.co/SGoZts6Rjp https://t.co/Taz1StN7ZX'"
2020-02-28 17:49:52,b'RT @IMJOONSCRAB: Army! As you might know Ytb did delete some of our views! Instead of tagging them on twt and trending a hstg i made a temp\xe2\x80\xa6'
2020-02-28 17:49:52,b'RT @TenilleArts: Made a #TA2 scrapbook with handwritten lyrics of every song! \xf0\x9f\x92\x9e Enter to make it yours now: https://t.co/a4FQzaO15z \xf0\x9f\x93\x9d https\xe2\x80\xa6'
2020-02-28 17:49:49,b'RT @IMJOONSCRAB: Army! As you might know Ytb did delete some of our views! Instead of tagging them on twt and trending a hstg i made a temp\xe2\x80\xa6'
2020-02-28 17:49:49,"b'RT @openminedorg: #GSoC 15,000+ students; 109 countries; 36,000,000+ lines of code; \n\nOpenMined has been accepted to Google Summer of Code!\xe2\x80\xa6'"
2020-02-28 17:49:49,b'me as a google employee interviewing a new engineering candidate: how many pieces of salt does salt bae drop per meat sprinkle?'
2020-02-28 17:49:48,b'RT @little_dipperPH: [PH GO] \xf0\x9f\x8d\x8a\xf0\x9d\x95\x86\xf0\x9d\x95\xa3\xf0\x9d\x95\x92\xf0\x9d\x95\x9f\xf0\x9d\x95\x98\xf0\x9d\x95\x96 \xf0\x9d\x95\x8a\xf0\x9d\x95\xa0\xf0\x9d\x95\x95\xf0\x9d\x95\x92.\xf0\x9f\x8d\x8a 2020 \xe1\xb4\x84\xca\x9c\xe1\xb4\x87\xe1\xb4\x87\xca\x80\xc9\xaa\xc9\xb4\xc9\xa2 \xe1\xb4\x8b\xc9\xaa\xe1\xb4\x9b \xd2\x93\xca\x80\xe1\xb4\x8f\xe1\xb4\x8d \xe1\xb4\xa0\xe1\xb4\x8f\xca\x9f.95 by @visionoflove_95 #BTS #TAEHYUNG #V \n\xf0\x9f\x92\xb8Php 1150\n+ ISF and LSF\xe2\x80\xa6'
2020-02-28 17:49:48,"b""I still don't like the new google format. That poppin up on the right, but then you click that to get some other st\xe2\x80\xa6 https://t.co/ZtaN6adEfp"""
2020-02-28 17:49:47,"b'RT @MrLoveMobile: \xe2\x98\x80\xef\xb8\x8fKiro Sunlit Wallpaper\xe2\x98\x80\xef\xb8\x8f\n\n\xe2\x80\x9cMy time with you--\n--has gotta pass slower, slower, and slower still.\xe2\x80\x9d\n\nHD version for mobile\xe2\x80\xa6'"
2020-02-28 17:49:47,b'google is froggy chair in pocket camp.'
2020-02-28 17:49:47,b'RT @mintyoongixo: hello rosebowlians! i\xe2\x80\x99ll be making freebies for Day 1 and Day 2 of Rose Bowl!! i\xe2\x80\x99ll b giving away 100 handmade keychains\xe2\x80\xa6'
2020-02-28 17:49:46,b'RT @electricians: United Electrical\xc2\xae on #Google https://t.co/NnvkPvbXIO'
2020-02-28 17:49:46,b'RT @CallieBurrito: @ibrahim_hazum @TheStagmania https://t.co/c95jOORm9A holy fudge'
2020-02-28 17:49:45,b'RT @IMJOONSCRAB: Army! As you might know Ytb did delete some of our views! Instead of tagging them on twt and trending a hstg i made a temp\xe2\x80\xa6'
2020-02-28 17:49:45,b'ICYMI: Volunteer opportunity Saturday March 28th at @thisisUIC !! Many roles available; Support girls in STEM today\xe2\x80\xa6 https://t.co/NoUwKMOv8l'
2020-02-28 17:49:45,b'RT @little_dipperPH: [PH GO] # \xf0\x9d\x9a\x8a\xf0\x9d\x9a\x97\xf0\x9d\x9a\x8d\xf0\x9d\x9a\xa0\xf0\x9d\x9a\x98\xf0\x9d\x9a\x98\xf0\x9d\x9a\x97 \xf0\x9d\x9f\xb8\xf0\x9d\x9a\x97\xf0\x9d\x9a\x8d \xf0\x9d\x9a\x82\xf0\x9d\x9a\x95\xf0\x9d\x9a\x98\xf0\x9d\x9a\x90\xf0\x9d\x9a\x8a\xf0\x9d\x9a\x97 by @andwoon #SF9 #ROWOON\n\xf0\x9f\x92\xb8Php 980\n+ ISF and LSF\n\n\xf0\x9f\x97\x93\xef\xb8\x8fDOO: 02/27\n\xf0\x9f\x97\x93\xef\xb8\x8fDOP: 02/28\n\xf0\x9f\x93\xa9FORM: https:/\xe2\x80\xa6'
2020-02-28 17:49:45,"b'It\xe2\x80\x99s kicking off at HS2, time to dust off the harness #nvda #xr  https://t.co/9dsW38dz6b'"
2020-02-28 17:49:44,b'RT @EdwardGLuce: \xe2\x80\x9cIndia is being led by a man whose political career is marked by the blood of innocents\xe2\x80\x9d. The fearless @RanaAyyub on the s\xe2\x80\xa6'
2020-02-28 17:49:44,"b'RT @OhSweetCinna: 38% of #stupid Americans won\xe2\x80\x99t buy #Corona #beer under any circumstances now. \n\nHoly shit. \n\nIn other news, all of those\xe2\x80\xa6'"
2020-02-28 17:49:42,"b'RT @GOPLeader: In the 2018 election, Google classified Republicans as Nazis.\n \nGoogle amounts for 90% of all searches. We cannot allow big\xe2\x80\xa6'"
2020-02-28 17:49:42,"b""It's amazing how @google Smart Compose knows everything except for what day of the week it is. https://t.co/ZkSEGCxJ8o"""
2020-02-28 17:49:42,b'RT @wicca_NL: Our CFP for our own WICCA conference is open!!! \xf0\x9f\x8e\x89\xf0\x9f\x8e\x89\nhttps://t.co/fU2NXHnX17\nSubmit your talk and be part of WICCON!!! The targ\xe2\x80\xa6'
2020-02-28 17:49:42,"b""@tristandamours That's on me, Tristan. Your Twitter photo was too small so I had to do the old Google image search\xe2\x80\xa6 https://t.co/ApfXwYRJlo"""
2020-02-28 17:49:42,"b'RT @ralphratheriled: Are you thinking about conducting research as a resident or early career librarian, but are feeling alone in this proc\xe2\x80\xa6'"
2020-02-28 17:49:41,"b""RT @GrrrGraphics: Who's in YOUR junk folder? #GmailCensorship #Google"""
2020-02-28 17:49:41,"b'RT @Ohio_Buckeye_US: Visit the #StockMarketCrash2020 hashtag.\n\nLiberals are thrilled to see the stock markets tank.\n\nGreat time to buy low,\xe2\x80\xa6'"
2020-02-28 17:49:41,"b'RT @GOPLeader: In the 2018 election, Google classified Republicans as Nazis.\n \nGoogle amounts for 90% of all searches. We cannot allow big\xe2\x80\xa6'"
2020-02-28 17:49:40,"b'@Guiseppe98 Thanks for reaching out, Joey. Thief-Cam and SIM-card lock features are not available on Android 10 (Q)\xe2\x80\xa6 https://t.co/WfXDVJ6c9j'"
2020-02-28 17:49:40,b'Google Trends for #Corona vs Facebook. https://t.co/S1mTPdjPyd'
2020-02-28 17:49:38,b'WTF A TOM STEYER AD JUST APPEARED IN MY GOOGLE DRIVE @googledrive @TomSteyer CARE TO EXPLAIN?? LMFAOO https://t.co/Xyegr6A1Z0'
2020-02-28 17:49:38,"b'RT @TeamPelosi: The #TrumpBudget guts nearly $700,000,000.00 from the Centers for Disease Control. At the same time, Republican in Washingt\xe2\x80\xa6'"
2020-02-28 17:49:38,b'@CNN excitotoxins the taste that kills https://t.co/aISc2sfRQf https://t.co/aISc2sfRQf'
2020-02-28 17:49:38,"b""RT @kimparkdaily: Let's channel our anger. \n\n+ Continue to stream ON MV on YT (We goin'100 million) \n+ Stream ON on Spotify\n+ Buy ON on iTu\xe2\x80\xa6"""
2020-02-28 17:49:37,b'@mariefatimacafe @EmmaSalvatore20 @YouTube With your all google account \xf0\x9f\x98\xb6'
2020-02-28 17:49:37,b'Hey google? How do I stop all this shit from happening to me?'
2020-02-28 17:49:36,b'@coppingengine a quick google search is all it takes'
2020-02-28 17:49:36,"b'RT @JKO415: In the 2018 election, Google classified Republicans as Nazis.\n \nGoogle amounts for 90% of all searches. We cannot allow big tec\xe2\x80\xa6'"
2020-02-28 17:49:35,b'RT @FarseekerF: @BowdenAmber @RidaZehra @Residue2020 @AddieWoolf @SarahKSilverman @ewarren Also Bernie released the payment plan for M4A mo\xe2\x80\xa6'
2020-02-28 17:49:35,"b'Friday 02-28-2020, Mail has been boxed. *Notary Public Service* https://t.co/ocw7qjsVYX #RI #Rhodeisland #Notary #Notarypublic #Notarize'"
2020-02-28 17:49:34,"b""RT @TheRealKhabri: Please don't google it now,\xf0\x9f\x99\x84 warna wahan b yeh aajayega\n\xf0\x9f\x91\x87\xf0\x9f\x91\x87\xf0\x9f\x91\x87\xf0\x9f\x91\x87 https://t.co/uyZrUuyHkK"""
2020-02-28 17:49:34,"b""RT @WGAStaffBoost: Shout out to all the ROCKSTAR #wgastaffingboost list curators who help keep the google docs up to date! Couldn't do this\xe2\x80\xa6"""
2020-02-28 17:49:33,"b""RT @Sadatunnisa1: #YtBring67MBack DIDN'T KNOW YOUTUBE COULD ALSO DO SOMETHING LIKE THIS, IS YOUTUBE A PERSON? IS IT AN ANTI-ARMY ?? \xf0\x9f\x99\x84\xf0\x9f\x99\x84 C'MO\xe2\x80\xa6"""
2020-02-28 17:49:33,b'RT @km_book: \xe2\x9d\xa3\xef\xb8\x8f Kookmin Twitter Selca Photobook Quantity Survey\n\nPlease only fill out the form if you intend to purchase.\nResponse Period:\xe2\x80\xa6'
2020-02-28 17:49:32,b'Google/amazon/Facebook/instagram/twitter/Apple/government: We don\xe2\x80\x99t listen in on your phone!\n\n@WishShopping : What\xe2\x80\xa6 https://t.co/OPu8R5tZWb'
2020-02-28 17:49:32,"b'RT @prayingmedic: In Prager University vs. Google, the Ninth  Circuit Court ruled that YouTube may censor whomever it chooses and is not ob\xe2\x80\xa6'"
2020-02-28 17:49:32,b'RT @IMJOONSCRAB: Army! As you might know Ytb did delete some of our views! Instead of tagging them on twt and trending a hstg i made a temp\xe2\x80\xa6'
2020-02-28 17:49:32,"b""@Uranus_seraa I'll google it rn"""
2020-02-28 17:49:31,"b'RT @StayWonked: This tweet is a reminder that @realDonaldTrump also demanded that @TheDemocrats cut $37,000,000 from Heating Assistance Pro\xe2\x80\xa6'"
2020-02-28 17:49:31,b'RT @little_dipperPH: [PH GO] \xf0\x9f\x91\xae\xe2\x84\x99\xf0\x9d\x95\xa0\xf0\x9d\x95\x9d\xf0\x9d\x95\x9a\xf0\x9d\x95\x94\xf0\x9d\x95\x96 \xf0\x9d\x94\xb9\xf0\x9d\x95\xa6\xf0\x9d\x95\x9f\xf0\x9d\x95\x9f\xf0\x9d\x95\xaa! \xf0\x9d\x95\x8a\xf0\x9d\x95\x9d\xf0\x9d\x95\xa0\xf0\x9d\x95\x98\xf0\x9d\x95\x92\xf0\x9d\x95\x9f \xf0\x9d\x95\x82\xf0\x9d\x95\x9a\xf0\x9d\x95\xa5 by @springginsour #STRAYKIDS #HYUNJIN \n\xf0\x9f\x92\xb8Php 1020\n+ ISF and LSF\n\n\xf0\x9f\x97\x93\xef\xb8\x8fDOO: 02/28\n\xf0\x9f\x97\x93\xef\xb8\x8fDOP:\xe2\x80\xa6'
2020-02-28 17:49:30,b'RT @Robertchandle14: AB Nexus 6P hishoot template https://t.co/uo4m05yKNH https://t.co/PCbxMCsPeu'
2020-02-28 17:49:30,"b'RT @NancyNoCo24: Kevin McCarthy blaming Google for Wikipedia edits :\n\xe2\x80\x9cIf you looked up the Republican Party, it said our ideology was Nazis\xe2\x80\xa6'"
2020-02-28 17:49:30,b'RT @SEGAForever: This is the story of someone too tough to beat.\n\nGet Kid Chameleon for free on Android and iOS: https://t.co/yjffZY7Tlw\n\n#\xe2\x80\xa6'
2020-02-28 17:49:30,b'Inclusive grants for Scala Days Seattle are now open! \n\nGrants are designed to help underrepresented communities in\xe2\x80\xa6 https://t.co/FODdvcVMk4'
2020-02-28 17:49:29,b'RT @EdwardGLuce: \xe2\x80\x9cIndia is being led by a man whose political career is marked by the blood of innocents\xe2\x80\x9d. The fearless @RanaAyyub on the s\xe2\x80\xa6'
2020-02-28 17:49:29,"b""@oniisaa here's your word cloud \xe0\xb2\xa5_\xe0\xb2\xa5 (sponsored by Walloop - Live Wallpapers https://t.co/X9KNfYUf8q ) https://t.co/AcDWa7PUuG"""
2020-02-28 17:49:28,"b""RT @TheRealKhabri: Please don't google it now,\xf0\x9f\x99\x84 warna wahan b yeh aajayega\n\xf0\x9f\x91\x87\xf0\x9f\x91\x87\xf0\x9f\x91\x87\xf0\x9f\x91\x87 https://t.co/uyZrUuyHkK"""
2020-02-28 17:49:28,b'Google signs me out of gmail and informs me I must resign in and verify it is me.\n\nSo I click exactly two buttons t\xe2\x80\xa6 https://t.co/2Ms1O6WNzX'
2020-02-28 17:49:28,b'RT @little_dipperPH: [PH GO] \xec\x8b\x9c\xec\x9b\x94\xec\x95\xa0 1\xf0\x9d\x90\xac\xf0\x9d\x90\xad \xf0\x9d\x90\x82\xf0\x9d\x90\xa1\xf0\x9d\x90\x9e\xf0\x9d\x90\x9e\xf0\x9d\x90\xab\xf0\x9d\x90\xa2\xf0\x9d\x90\xa7\xf0\x9d\x90\xa0 \xf0\x9d\x90\x8a\xf0\x9d\x90\xa2\xf0\x9d\x90\xad \xf0\x9f\x90\xb1 by @981025_S2 #STRAYKIDS #LEEKNOW \n\xf0\x9f\x92\xb8Php 1060 - Php 1150\n+ ISF and LSF\n\n\xf0\x9f\x97\x93\xef\xb8\x8fDOO: 03/07\n\xf0\x9f\x97\x93\xef\xb8\x8fD\xe2\x80\xa6'
2020-02-28 17:49:28,"b'@oscarlars @grungnisson @daviseford Mortality rate in flu is certainly lower (14.3 per 100,000 cases in 2017, parts\xe2\x80\xa6 https://t.co/BQQGReJqd3'"
2020-02-28 17:49:28,b'@scottclark I believe scorecards require a numeric output (so no text strings are eligible to show)\xe2\x80\xa6 https://t.co/VJybA5fW4s'
2020-02-28 17:49:27,b'RT @PurplecowKris: Don\xe2\x80\x99t google your symptoms.'
2020-02-28 17:49:27,b'RT @EdwardGLuce: \xe2\x80\x9cIndia is being led by a man whose political career is marked by the blood of innocents\xe2\x80\x9d. The fearless @RanaAyyub on the s\xe2\x80\xa6'
2020-02-28 17:49:27,b'@monteeky_ I always think it and never take the time to google it\xf0\x9f\x92\x80'
2020-02-28 17:49:27,"b""@dentistofdelhi She replied with a Google pic!? I didn't get it! I was going to put FZ next... But I already won I guess \xf0\x9f\xa4\xb7\xf0\x9f\x8f\xbc\xe2\x80\x8d\xe2\x99\x80\xef\xb8\x8f"""
2020-02-28 17:49:26,b'@EdTechGarcia @23ABCNews @BRS_Academy @ASU @Google @McFarland_USD @DarDiaz5 @SAaronResendez Thanks for the virtual\xe2\x80\xa6 https://t.co/MrWELZoaag'
2020-02-28 17:49:25,b'RT @ucd4cola: We\xe2\x80\x99re on grading strike!\n\nLinks to FAQ pdfs:\n\n- UNDERGRADS: https://t.co/Sb4NhQP8RS\n\n- GRADS: https://t.co/wNxmvQtxLv\n\n- FACU\xe2\x80\xa6'
2020-02-28 17:49:25,b'RT @little_dipperPH: [PH GO] 2020 \xf0\x9d\x97\xa5\xf0\x9d\x97\x98\xf0\x9d\x97\x97\xf0\x9d\x97\xa3\xf0\x9d\x97\xa2\xf0\x9d\x97\x9c\xf0\x9d\x97\xa1\xf0\x9d\x97\xa7 \xf0\x9d\x98\xbe\xf0\x9d\x99\x83\xf0\x9d\x98\xbc\xf0\x9d\x99\x80\xf0\x9d\x99\x94\xf0\x9d\x99\x8a\xf0\x9d\x99\x90\xf0\x9d\x99\x89\xf0\x9d\x99\x82 \xf0\x9d\x98\xbe\xf0\x9d\x99\x9d\xf0\x9d\x99\x9a\xf0\x9d\x99\x9a\xf0\x9d\x99\xa7\xf0\x9d\x99\x9e\xf0\x9d\x99\xa3\xf0\x9d\x99\x9c \xf0\x9d\x99\x86\xf0\x9d\x99\x84\xf0\x9d\x99\x8f. by @REDPOINT423  #TWICE #CHAEYOUNG\n\xf0\x9f\x92\xb8Php 1150 \n+ ISF and LSF\n\n\xf0\x9f\x97\x93\xef\xb8\x8fDOO: 03/1\xe2\x80\xa6'
2020-02-28 17:49:25,b'RT @taehyungpic: \xe2\x98\xbe \xf0\x9d\x90\x88\xf0\x9d\x90\xa7\xf0\x9d\x90\xa7\xf0\x9d\x90\x9e\xf0\x9d\x90\xab \xf0\x9d\x90\x9c\xf0\x9d\x90\xa1\xf0\x9d\x90\xa2\xf0\x9d\x90\xa5\xf0\x9d\x90\x9d \xe2\x98\xbd#V\n\n\xe2\x96\xb6\xef\xb8\x8f\n&gt;Spotify https://t.co/7I2n29Xdh9\n&gt;\xef\xa3\xbfhttps://t.co/WSwopEf3oL\n&gt;DEEZER https://t.co/IjHG04Xk0c\n&gt;YT https\xe2\x80\xa6'
2020-02-28 17:49:24,"b""RT @GrumpyChaewon: IZ\xd9\xadONE (\xec\x95\x84\xec\x9d\xb4\xec\xa6\x88\xec\x9b\x90) - 'FIESTA' Dance Practice (Closer)\n\nHere's the link if you wanna download it... it's on 1080p\nhttps://t.co\xe2\x80\xa6"""
2020-02-28 17:49:23,b'RT @Mang_ONCE: 200228 TWICE TV\n\n#\xeb\xaa\xa8\xeb\xaa\xa8 #Momo #\xe3\x83\xa2\xe3\x83\xa2\n#\xed\x8a\xb8\xec\x99\x80\xec\x9d\xb4\xec\x8a\xa4 #TWICE \n\nhttps://t.co/ycYqvMrau4 https://t.co/W45dq1lVqc'
2020-02-28 17:49:22,"b'RT @GOPLeader: In the 2018 election, Google classified Republicans as Nazis.\n \nGoogle amounts for 90% of all searches. We cannot allow big\xe2\x80\xa6'"
2020-02-28 17:49:22,b'RT @sportbible: Go and type \xe2\x80\x9cempty seats\xe2\x80\x9d into the Google Maps search engine. \xf0\x9f\x98\xac https://t.co/GH2CYCmhM6'
2020-02-28 17:49:22,b'RT @NewCryptoBonus1: Download Electroneum official wallet and start earning ETN coins for free!\nAlso you can receive 5% speed bonus by usin\xe2\x80\xa6'
2020-02-28 17:49:21,"b'RT @GOPLeader: In the 2018 election, Google classified Republicans as Nazis.\n \nGoogle amounts for 90% of all searches. We cannot allow big\xe2\x80\xa6'"
2020-02-28 17:49:21,b'Prepare now for Son of HoustonCon March 14-15.  I will be there.  Will you?\nhttps://t.co/Gg7fzuXiFY'
2020-02-28 17:49:21,"b'RT @ArdynOuji: @lizcourserants @ShotaTsukasa Anti: the author is not shotacon, you can Google Aida Iro and see that\n\nAida Into and Google:\xe2\x80\xa6'"
2020-02-28 17:49:21,"b'RT @SB19Official: ALAB (Burning)\nSB19 3rd Single\n\nAvailable on Deezer, Google Play Music, Spotify, Youtube Music and more music platforms!\xe2\x80\xa6'"
2020-02-28 17:49:20,"b""RT @MX7MBB_514: #MX7xMBB\n\nWe saw your power, mbb, during our Trespass week, let's do it again!\n\nFrom Feb 28th-March 5th, we're hosting anot\xe2\x80\xa6"""
2020-02-28 17:49:20,b'We had a wonderful visit last week with students from Nannestad High School in Norway. Now that they have returned\xe2\x80\xa6 https://t.co/6lAQcf23Cw'
2020-02-28 17:49:20,"b""RT @Sadatunnisa1: #YtBring67MBack DIDN'T KNOW YOUTUBE COULD ALSO DO SOMETHING LIKE THIS, IS YOUTUBE A PERSON? IS IT AN ANTI-ARMY ?? \xf0\x9f\x99\x84\xf0\x9f\x99\x84 C'MO\xe2\x80\xa6"""
2020-02-28 17:49:19,b'OMG WHY ARE THESE THE MOST COMMON SEARCHES?? WHY WOULD ANYONE GOOGLE THESE THINGS??? https://t.co/9a6heQMuKY'
2020-02-28 17:49:19,b'RT @Bruno062418: 1/Alice in Wonderland on the Google home page this am\n\nCelebrating the Feb 28 birthday of the original illustrator for bot\xe2\x80\xa6'
2020-02-28 17:49:18,"b'RT @ARMY4BTSme: ARMY, I LOVE YALL! FROM 4.8 RATING TO 4.3 in Google play store!\nWe WILL be heard! \n#YouTubeExplainThis @TeamYouTube https:/\xe2\x80\xa6'"
2020-02-28 17:49:18,b'Yang pake google keyboard dichuba https://t.co/OCP9Z6hGIG'
2020-02-28 17:49:18,"b'RT @JulieReichwein1: LauraLoomerforCongress has filed conservative bias &amp; anti-trust lawsuits against Twitter, Facebook, Google, &amp; Apple wh\xe2\x80\xa6'"
2020-02-28 17:49:17,"b""The HMS Parent Newsletter is now published on the Principal's Page along with the 2019 School Report Card.\nhttps://t.co/ZFlGlrp039"""
2020-02-28 17:49:16,b'We genuinely care about your feedback on our services! \xe2\x98\xba Leave us a review on Google here: https://t.co/kLGL9Q4ejk\xe2\x80\xa6 https://t.co/QfKcwwAe6A'
2020-02-28 17:49:16,"b'RT @RedAce2024: \xf0\x9f\x9a\xa8\xf0\x9f\x9a\xa8\xf0\x9f\x9a\xa8This is HUGE!  Big names being Sued in court! Sued in Fed Court, Weaponized AI Bio @seanhannity @TuckerCarlson @POTUSPre\xe2\x80\xa6'"
2020-02-28 17:49:16,b'RT @ToySldrs: Issue# 10(??): WHAT IF...? \xe2\x9a\xa1\xef\xb8\x8f\n\nListen: (Apple / Spotify / Google)\nhttps://t.co/a9FXPMoyiX\n\nFollow Us: @MetahumansPod https://\xe2\x80\xa6'
2020-02-28 17:49:15,"b'RT @JKO415: In the 2018 election, Google classified Republicans as Nazis.\n \nGoogle amounts for 90% of all searches. We cannot allow big tec\xe2\x80\xa6'"
2020-02-28 17:49:14,b'RT @AshleeMPreston: Myself and other prominent Trans leaders spoke with @guardian and shared why we support Elizabeth Warren for President\xe2\x80\xa6'
2020-02-28 17:49:14,b'RT @EdwardGLuce: \xe2\x80\x9cIndia is being led by a man whose political career is marked by the blood of innocents\xe2\x80\x9d. The fearless @RanaAyyub on the s\xe2\x80\xa6'
2020-02-28 17:49:14,"b""@S01001111S @kib_Shadid @Areyyyyyyyyyy Dunno what you're on about but shisha is Haram anyways\nhttps://t.co/CjMZnzqc0k"""
2020-02-28 17:49:13,"b""RT @backlon: As of yesterday, Google has told me it is still planning to hold Google IO May 12-14, but that it's obviously going to keep an\xe2\x80\xa6"""
2020-02-28 17:49:12,b'RT @little_dipperPH: [PH GO] Slogan and Photo Card Binder by @BinderFriends \nSlogan Binder - Php 1150\nPhotocard Binder A4 - Php 550\n+ ISF a\xe2\x80\xa6'
2020-02-28 17:49:12,"b'RT @GOPLeader: In the 2018 election, Google classified Republicans as Nazis.\n \nGoogle amounts for 90% of all searches. We cannot allow big\xe2\x80\xa6'"
2020-02-28 17:49:11,"b""RT @GrumpyChaewon: IZ\xd9\xadONE (\xec\x95\x84\xec\x9d\xb4\xec\xa6\x88\xec\x9b\x90) - 'FIESTA' Dance Practice (Closer)\n\nHere's the link if you wanna download it... it's on 1080p\nhttps://t.co\xe2\x80\xa6"""
2020-02-28 17:49:10,b'RT @RishuzGraphics: Retro Wallpapers For Fnatic\nHope you all liked them\nAll support is appreciated!\nDownload them here https://t.co/upmy1Oy\xe2\x80\xa6'
2020-02-28 17:49:10,b'RT @Gichy_: pale google photos ....alot needs to go down..... funny how past remains around...'
2020-02-28 17:49:09,b'I wish you could do a google scholar search by method. Is this possible?'
2020-02-28 17:49:09,"b'DJ SLiM OG - Risky Letter To You 2020\xf0\x9f\x94\xa5\nhttps://t.co/1CTVRjQnOE\n\nGoogle drive link, download now and thank me later.'"
2020-02-28 17:49:09,b'RT @little_dipperPH: [PH GO] Chani Slogan by @colorful_chani #SF9 #CHANI\n\xf0\x9f\x92\xb8Php 800 - Php 900\n+ ISF and LSF\n\n\xf0\x9f\x97\x93DOO: 02/27\n\xf0\x9f\x97\x93DOP: 02/28\n\xf0\x9f\x93\xa9FORM: h\xe2\x80\xa6'
2020-02-28 17:49:08,b'@space_mermaid_ If we send the Nigerian prince enough money he said he can stop the corona virus. We need Google Play codes first'
2020-02-28 17:49:07,b'RT @SaraCarterDC: How Google created algorithms to hide its political bias and allegedly manipulate perceptions of Internet content \n\n#TheS\xe2\x80\xa6'
2020-02-28 17:49:07,b'RT @Carnage4Life: The idea that robots will take our jobs has been overhyped for automating menial jobs like factory work but underhyped in\xe2\x80\xa6'
2020-02-28 17:49:07,b'@BLUESIDE_PJM @Kookie4life2 I rated that red square app 1 star on Google Play Store.'
2020-02-28 17:49:07,"b'Law Offices of Mark C. Blane, APC on #Google https://t.co/toKWNlYdpH'"
2020-02-28 17:49:07,b'I like random #patents. What about you? https://t.co/DFlEjRkrsk'
2020-02-28 17:49:07,b'@WGAStaffBoost You can find many of my scripts (including my 20 2020 pilots as I post them) here!\nhttps://t.co/9fKhBHULwC'
2020-02-28 17:49:06,"b'RT @Pricebaba: #ContestAlert Guess the specs of the all-new OPPO A31, which boasts a sleek design, triple camera set-up and two storage var\xe2\x80\xa6'"
2020-02-28 17:49:06,"b""We're back! Chatting about small things we do when we are feeling overloaded.\n\nLike Once Upon A Gene?\nSubscribe! Sh\xe2\x80\xa6 https://t.co/zrLk4O9XTx"""
2020-02-28 17:49:06,b'RT @little_dipperPH: [PH GO] CALLMEYOON 2nd Cheering Slogan by @CALLMEYOON0809 #SF9 #JAEYOON\n\xf0\x9f\x92\xb8Php 1150 / Version\n+ ISF and LSF\n\n\xf0\x9f\x97\x93DOO: 03/11\xe2\x80\xa6'
2020-02-28 17:49:06,"b""RT @kimparkdaily: Let's channel our anger. \n\n+ Continue to stream ON MV on YT (We goin'100 million) \n+ Stream ON on Spotify\n+ Buy ON on iTu\xe2\x80\xa6"""
2020-02-28 17:49:05,b'RT @DrTrapezio: This is going to be awesome!\n\nA free workshop on The Rhythms of Fractals by my colleagues Dave Hewett &amp; Angelika Manhart\n\nM\xe2\x80\xa6'
2020-02-28 17:49:05,b'RT @AshleeMPreston: Myself and other prominent Trans leaders spoke with @guardian and shared why we support Elizabeth Warren for President\xe2\x80\xa6'
2020-02-28 17:49:04,"b'RT @prayingmedic: In Prager University vs. Google, the Ninth  Circuit Court ruled that YouTube may censor whomever it chooses and is not ob\xe2\x80\xa6'"
2020-02-28 17:49:03,"b'RT @SenGillibrand: Data has been called \xe2\x80\x9cthe new oil.\xe2\x80\x9d Companies are rushing to explore and refine it, ignoring regulations, putting profit\xe2\x80\xa6'"
2020-02-28 17:49:03,b'RT @little_dipperPH: [PH GO] HEARTSTRUCK 2ND CHEERING KIT \xf0\x9d\x90\x93\xf0\x9d\x90\x87\xf0\x9d\x90\x84 \xf0\x9d\x90\x8c\xf0\x9d\x90\x80\xf0\x9d\x90\x86\xf0\x9d\x90\x88\xf0\x9d\x90\x82\xf0\x9d\x90\x88\xf0\x9d\x90\x80\xf0\x9d\x90\x8d &amp; \xf0\x9d\x90\x8f\xf0\x9d\x90\x80\xf0\x9d\x90\x8d\xf0\x9d\x90\x86\xf0\x9d\x90\x81\xf0\x9d\x90\x81\xf0\x9d\x90\x80\xf0\x9d\x90\x8d\xf0\x9d\x90\x86 by @heartstruck_ym #AB6IX #YOUNGMIN\nSlogan - Php 1060\nAi\xe2\x80\xa6'
2020-02-28 17:49:02,b'@DateDateline B-Roll - Where are the Children: did you see the B Roll of the sister logging into their brother\xe2\x80\x99s em\xe2\x80\xa6 https://t.co/UU3irM4cpb'
2020-02-28 17:49:02,"b'RT @SummerClimate: Are you a #climatechange activist or part of a youth network, organization, group engaged in climate action across Afric\xe2\x80\xa6'"
2020-02-28 17:49:02,"b""RT @Monbebe_Nation: You Can't Hold My Heart\xe2\xad\x90\xef\xb8\x8fSONG\xe2\xad\x90\xef\xb8\x8fbuy week starts today\xe2\x9d\x97\xef\xb8\x8fFocus is to chart on iTunes.  If you've already purchased on iTun\xe2\x80\xa6"""
2020-02-28 17:49:02,"b""Card Quest is now on Google Play! Don't miss out on this retro-inspired card battling dungeon crawling gem.\xe2\x80\xa6 https://t.co/jcbfIwSxSa"""
2020-02-28 17:49:02,b'RT @InfinityWorks: We are hosting a Google Developer Group @GDGLeeds special for International Women\xe2\x80\x99s day at our #Leeds office Apsley Hous\xe2\x80\xa6'
2020-02-28 17:49:02,b'RT @EdwardGLuce: \xe2\x80\x9cIndia is being led by a man whose political career is marked by the blood of innocents\xe2\x80\x9d. The fearless @RanaAyyub on the s\xe2\x80\xa6'
2020-02-28 17:49:02,"b""@DebashisRath16 @pahwakanika25 That's a quote she took from google!! And shehnaaz ain't the one to express things t\xe2\x80\xa6 https://t.co/PyTZdO92BX"""
2020-02-28 17:49:01,b'RT @WorldYMCA: YMCA is constructing an adequate and comprehensive Climate Position Paper on behalf of the Movement. Your contribution and k\xe2\x80\xa6'
2020-02-28 17:49:01,"b""South Central Division responding to '41/11R - Burg Res in Progress' at 1500 blk Kingsley Dr | Beat 727 | 11:45AM | https://t.co/vER9VvrmkI"""
2020-02-28 17:49:01,b'@cjandersonb22 Word of advice @cjandersonb22 don\xe2\x80\x99t google it'
2020-02-28 17:49:01,"b'RT @getongab: Facebook, Google Deemed a \xe2\x80\x98Threat to Human Rights\xe2\x80\x99 in New Report https://t.co/kGbZidBs6U via @getongab'"
2020-02-28 17:49:00,"b'I asked my google home to play stupid love earlier, and the vibe was so off HAHAHA https://t.co/bozr7KCSf3'"
2020-02-28 17:49:00,b'RT @simonmatk: @OMMBHASKAR @shilpamdas @rajanandbjp @KeralaTourism @CMOKerala @kadakampalli @CPIMKerala @chennithala Kerala Govt. should ta\xe2\x80\xa6'
2020-02-28 17:49:00,"b'RT @jpgray1216: @jsolomonReports Why would anyone need to be designated as a ""whistleblower"" when stating or filing a legitimate concern?\xe2\x80\xa6'"
2020-02-28 17:49:00,b'RT @little_dipperPH: [PH GO] 2020 CHEERING KIT GOMDOLHWIGAN by @129Lovesome #AB6IX #DAEHWI\n\xf0\x9f\x92\xb8Php 950 \n+ ISF and LSF\n\n\xf0\x9f\x97\x93DOO: 03/07\n\xf0\x9f\x97\x93DOP: 03/08\xe2\x80\xa6'
2020-02-28 17:48:59,b'What if we give a 1 star rating for youtube in apple store and google store?? https://t.co/xXQdz5gdPZ'
2020-02-28 17:48:59,b'RT @wef: This is how companies such as Facebook and Google are joining the fight against coronavirus https://t.co/6MQz6e6bb5 #coronavirus #\xe2\x80\xa6'
2020-02-28 17:48:58,b'RT @AdamSB___: Google whenever I sign in on a new device.'
2020-02-28 17:48:57,b'RT @LenaRockerHall: I finally get to sing this score! Yay! https://t.co/i1TJHjEL8x'
2020-02-28 17:48:56,b'[xojer upchar]\n\nRT save_seungwoo: #\xed\x95\x9c\xec\x8a\xb9\xec\x9a\xb0\nhttps://t.co/j4zq2Gitzl https://t.co/K7wksoncpM'
2020-02-28 17:48:56,"b'RT @JKO415: In the 2018 election, Google classified Republicans as Nazis.\n \nGoogle amounts for 90% of all searches. We cannot allow big tec\xe2\x80\xa6'"
2020-02-28 17:48:54,"b""RT @UDHSGuidance: 2020 College &amp; Career Fair @UDHSCardinals \nMarch 10th, 7 pm - 8:30 pm \nDon't miss this great opportunity to meet with ove\xe2\x80\xa6"""
2020-02-28 17:48:54,b'RT @DDynmt: We are pleased to confirm that #DYNMT will soon be listed on Bit-Z. \n\nWe are running an #airdrop to celebrate and will be givin\xe2\x80\xa6'
2020-02-28 17:48:53,"b'switch to firefox it will in no way diminish your quality of internet use. turn off your phones ""assistant."" stop!\xe2\x80\xa6 https://t.co/sVZhSJ9klz'"
2020-02-28 17:48:53,"b""RT @Boitumelo_MB: I had to Google what LASK is\xf0\x9f\x99\x86\xe2\x80\x8d\xe2\x99\x80\xef\xb8\x8fEuropa and introducing clubs we don't even know \xf0\x9f\xa4\xa3\xf0\x9f\xa4\xa3"""
2020-02-28 17:48:53,"b'RT @ALANCBEARD: @WGAStaffBoost WGA writer from the South Side of Chicago, with a library card in case you can\xe2\x80\x99t research it on Google. Habi\xe2\x80\xa6'"
2020-02-28 17:48:52,"b'RT @seroundtable: Video: Google Nofollow Change, Google &amp; Bing Updates, Mobile-First Indexing Push &amp; More https://t.co/ygUmWlfzd7'"
2020-02-28 17:48:51,"b""RT @Unite4Copyright: In the third and final part of our @Google v. @Oracle blog series, we're taking a look at factor four of #fairuse \xe2\x80\x94\xc2\xa0an\xe2\x80\xa6"""
2020-02-28 17:48:50,"b'RT @little_dipperPH: [PH GO] \xf0\x9d\x92\x87\xf0\x9d\x92\x90\xf0\x9d\x92\x93, \xf0\x9d\x91\xba\xf0\x9d\x92\x90\xf0\x9d\x92\x90\xf0\x9d\x92\x83\xf0\x9d\x92\x8a\xf0\x9d\x92\x8f .Cheering Kit for SOOBIN by  @____KimToTo____ #TXT #SOOBIN\n\xf0\x9f\x92\xb8Php 750\n+ ISF and LSF\n\n\xf0\x9f\x97\x93DOO: 02/28\n\xf0\x9f\x97\x93DO\xe2\x80\xa6'"
2020-02-28 17:48:50,"b'RT @HarmanManchanda: Google, Facebook &amp; Twitter threatens to shut down Service in Pakistan\n\nMy perspective - They do or not, Indian Govt sh\xe2\x80\xa6'"
2020-02-28 17:48:49,b'RT @heyawhite: I am *SO* excited. @Google has released a technical writing course for engineers. This has been in the works for a long time\xe2\x80\xa6'
2020-02-28 17:48:49,"b""RT @pannchoa: How heavy are idols' stage makeup?\nhttps://t.co/PBKO2fHAYf https://t.co/eACwkakoxa"""
2020-02-28 17:48:49,b'RT @gmulligan38: @chrislhayes Flaws and weaknesses.... \n\n\xe2\x80\x9cMichael Bloomberg Gave $250K To Boost A GOP Candidate With An A+ NRA Rating\xe2\x80\x9d \n\nht\xe2\x80\xa6'
2020-02-28 17:48:48,b'@RealSeanBrosnan @CCExpress @buchanantrack @jesuittrack Here is the data to back up my claim: https://t.co/zCgzZCMduZ'
2020-02-28 17:48:48,b'RT @ChelmsfordYFL: Do You have an u18 team- We need your help- We politely ask if you could complete this short survey with your thoughts h\xe2\x80\xa6'
2020-02-28 17:48:48,"b'RT @GOPLeader: In the 2018 election, Google classified Republicans as Nazis.\n \nGoogle amounts for 90% of all searches. We cannot allow big\xe2\x80\xa6'"
2020-02-28 17:48:48,b'@BathCA Once again the part-time PM shows no inclination to put on his wellies to support flood victims but can spa\xe2\x80\xa6 https://t.co/ykRfm1Nm7J'
2020-02-28 17:48:47,b'@XOYamiOX Wait deadass? I need a google drive link lmao https://t.co/wrB2FJWjxv'
2020-02-28 17:48:47,"b""RT @Tulisa_Fans_: Tulisa's new single! #Sippin' \xf0\x9f\x8e\x89\xf0\x9f\x8e\x8a\xf0\x9f\xa5\xb3\n\nSpotify: https://t.co/VjyUIhQs8k\n\xf0\x9f\x86\x95 Lyric Video: https://t.co/Vyyrvwi6rk\nYouTube: https\xe2\x80\xa6"""
2020-02-28 17:48:46,"b'RT @baba_Omoloro: Dear students, whenever you want to study for an important test, Google \xf0\x9f\x91\x87\xf0\x9f\x91\x87\xf0\x9f\x91\x87 \n\nsite:edu Artificial Intelligence exam \n\n(wh\xe2\x80\xa6'"
2020-02-28 17:48:46,b'I went to my parents house the other day to hang out with my mom. I need y\xe2\x80\x99all to know my mom is mad her google hom\xe2\x80\xa6 https://t.co/OQKSoMDyov'
2020-02-28 17:48:46,b'RT @taehyungpic: 200228\n\xe2\x80\x94\n#BlackSwan V Fancam \n\xe2\x86\xachttps://t.co/MoW3uQzI1c\n\n#InnerChildByV\n&gt;YT https://t.co/1wF08UlJLp\n&gt;YT\xe2\x99\xab https://t.co/CLB4T\xe2\x80\xa6'
2020-02-28 17:48:46,b'RT @mekkaokereke: Hey #BlackTechTwitter #AfroTech #NSBE and #HBCU folk!\n\nGoogle has a 3 week camp for high school students to take them fro\xe2\x80\xa6'
2020-02-28 17:48:45,b'My brain: oh we should look up this terrifying medical thing \nMe: N- *as fingers type words into Google*\nMy brain:\xe2\x80\xa6 https://t.co/bTcJCEgl70'
2020-02-28 17:48:45,b'RT @little_dipperPH: [PH GO] \xf0\x9d\x90\x82\xf0\x9d\x90\xa1\xf0\x9d\x90\xab\xf0\x9d\x90\xa2\xf0\x9d\x90\xac\xf0\x9d\x90\xad\xf0\x9d\x90\xa6\xf0\x9d\x90\x9a\xf0\x9d\x90\xac \xf0\x9d\x90\x91\xf0\x9d\x90\xa8\xf0\x9d\x90\xac\xf0\x9d\x90\x9e \xf0\x9d\x90\x86\xf0\x9d\x90\x9e\xf0\x9d\x90\xa6\xf0\x9d\x90\xac\xf0\x9d\x90\xad\xf0\x9d\x90\xa8\xf0\x9d\x90\xa7\xf0\x9d\x90\x9e \xf0\x9d\x90\x92\xf0\x9d\x90\xa9\xf0\x9d\x90\x9e\xf0\x9d\x90\x9c\xf0\x9d\x90\xa2\xf0\x9d\x90\x9a\xf0\x9d\x90\xa5 \xf0\x9d\x90\x82\xf0\x9d\x90\xa1\xf0\x9d\x90\x9e\xf0\x9d\x90\x9e\xf0\x9d\x90\xab\xf0\x9d\x90\xa2\xf0\x9d\x90\xa7\xf0\x9d\x90\xa0 \xf0\x9d\x90\x8a\xf0\x9d\x90\xa2\xf0\x9d\x90\xad by @casmasrose #WAYV #LUCAS \n\xf0\x9f\x92\xb8Php 980 - Php 1100\n+ ISF and LSF\n\n\xf0\x9f\x97\x93\xe2\x80\xa6'
2020-02-28 17:48:45,"b'RT @BHR_FIDH: JUST OUT! Our Jan/Feb Newsletter on #BizHumanRights!\n\xf0\x9f\x91\x89 https://t.co/HkR7EfeT1E\n\nThis issue, news about: Las Bambas Mine case\xe2\x80\xa6'"
2020-02-28 17:48:45,"b'@JoonsCrabbie I used to look up ""sad broken girls"" images from google and put them on my fAcEBOoK pfp and post the lyrics'"
2020-02-28 17:48:44,"b""@RomoMalo @HerpyGm @hankgreen YouTube Music is shit. Whenever I click on a song it's just YouTube playing the music\xe2\x80\xa6 https://t.co/D8NKYbNkFy"""
2020-02-28 17:48:43,"b'RT @John_A_Little: Thank you to everyone who provided suggestions for Native scholarships, fellowships, internships, and others! Here is th\xe2\x80\xa6'"
2020-02-28 17:48:43,b'Blessed with Trusted genes. Go gran https://t.co/1tWcGRNJaY #LeapYear'
2020-02-28 17:48:42,"b'RT @SelineSigil9: \xe2\x80\x98It\xe2\x80\x99s leap year, ladies, and your chance to pop the question \xe2\x80\x94 if you can make biscuits\xe2\x80\x99 https://t.co/wpkecABc1x'"
2020-02-28 17:48:42,"b'OPEN AU SUCKSEED GEN3 \xf0\x9f\x92\x90\n08/02 - xx/xx ( Nct , Way V )\n\nhastag ; #3rdsuckseedgenx\nlink ; https://t.co/Eczel5rYXz\nsos\xe2\x80\xa6 https://t.co/9ibqdyWh8b'"
2020-02-28 17:48:41,"b'RT @justinsnow: I\xe2\x80\x99m selling my records. Like, all of em. I\xe2\x80\x99m having an open house (date TBA). Not exactly invite only but I won\xe2\x80\x99t be publis\xe2\x80\xa6'"
2020-02-28 17:48:41,b'Google is threatening me https://t.co/Wou2Td0Zoa'
2020-02-28 17:48:40,b'RT @EdwardGLuce: \xe2\x80\x9cIndia is being led by a man whose political career is marked by the blood of innocents\xe2\x80\x9d. The fearless @RanaAyyub on the s\xe2\x80\xa6'
2020-02-28 17:48:40,b'@ggukversie OMG this reminds me of when that Cookie store made a cookie shading Nicki Minaj for not winning a Gramm\xe2\x80\xa6 https://t.co/r48V9eekGI'
2020-02-28 17:48:40,b'Breaking News: Huawei Search app will be used as a part of the Huawei HMS ecosystem and will replace Google app\xe2\x80\xa6 https://t.co/4VG3qsgJjR'
2020-02-28 17:48:40,b'RT @Cagsil: What are they hiding from public?\n\nPhoto 1) Mind altering- went healing to agitation\nPhoto 2) Brainwashing\nPhoto 3) Complete #p\xe2\x80\xa6'
2020-02-28 17:48:40,b'J+NNNY D3PP ON MY TL WTFFFFF ??ON JUNGKOOKS GOOGLE FIBER WIFI??UR FUCKING LYING..'
2020-02-28 17:48:39,"b'actually if we include google images, SEVERAL of the things from my artstation show up &gt;___&gt;'"
2020-02-28 17:48:39,b'RT @uhhDanny: 3 years ago I met Aly in Rys twitch chat and we instantly hit it off. We promised each other we move in together and own a ho\xe2\x80\xa6'
2020-02-28 17:48:38,b'\xe2\x80\x9cTHE CANARY &amp; THE CAGE\xe2\x80\x9d = now available on GOOGLE-PLAY: https://t.co/Jnuhrj5bsA'
2020-02-28 17:48:38,b'RT @AK47Intel: @OSINT_Research @1tsruben @Layer8Conf Absolutely! One of my favourite #OSINT tools to do this is https://t.co/pn4N549sOK\n\n1.\xe2\x80\xa6'
2020-02-28 17:48:38,b'RT @dailycapaldi: Peter\xe2\x80\x99s single \xe2\x80\x9cIf I Could Pray\xe2\x80\x9d is available now! #IfICouldPray #PeterCapaldi\n\n\xe2\x80\xa2 iTunes: https://t.co/r1CqtppKzF\n\xe2\x80\xa2 Googl\xe2\x80\xa6'
2020-02-28 17:48:38,b'RT @taehyungpic: 200228\n\xe2\x80\x94\n#BlackSwan V Fancam \n\xe2\x86\xachttps://t.co/MoW3uQzI1c\n\n#InnerChildByV\n&gt;YT https://t.co/1wF08UlJLp\n&gt;YT\xe2\x99\xab https://t.co/CLB4T\xe2\x80\xa6'
2020-02-28 17:48:37,"b'RT @peter_mount: So, this is a real thing? Not that appetising for some reason #wtf \n\nhttps://t.co/e1aU59hpNy https://t.co/7JLhRbT2CO'"
2020-02-28 17:48:37,b'I wrote a review of Valencia Cyclery on Google that is a letter to Paul the owner. You guys are welcome to patroniz\xe2\x80\xa6 https://t.co/fPuTYPvo0C'
2020-02-28 17:48:37,"b'RT @10points_TEN: \xe2\x9c\x96\xef\xb8\x8fI will be selling slogans at SuperM concert in Paris &amp; London. Stock is limited. If you would like to reserve, please c\xe2\x80\xa6'"
2020-02-28 17:48:36,b'RT @sportbible: Go and type \xe2\x80\x9cempty seats\xe2\x80\x9d into the Google Maps search engine. \xf0\x9f\x98\xac https://t.co/GH2CYCmhM6'
2020-02-28 17:48:36,b'How To Verify Google AdSense Account Without PIN ? #blogging #wordpress #seo #digitalmarketing https://t.co/I9aL4nModU'
2020-02-28 17:48:36,"b""RT @spriingyoongi: Scrolling through YouTube's reviews on google play while Dionysus plays in the background #YtBring67MBack https://t.co/q\xe2\x80\xa6"""
2020-02-28 17:48:35,"b'@gwillymusic Glad you\xe2\x80\x99re okay!\n(But seriously, I feel like Youtube and Google know seriously everything. It\xe2\x80\x99s ridiculous.)'"
2020-02-28 17:48:35,b'Check out Grace and Gumption Lifestyle on Google!\nhttps://t.co/3Aj0ILYcTi'
2020-02-28 17:48:35,"b'RT @StayWonked: This tweet is a reminder that @realDonaldTrump also demanded that @TheDemocrats cut $37,000,000 from Heating Assistance Pro\xe2\x80\xa6'"
2020-02-28 17:48:35,"b""RT @GrumpyChaewon: IZ\xd9\xadONE (\xec\x95\x84\xec\x9d\xb4\xec\xa6\x88\xec\x9b\x90) - 'FIESTA' Dance Practice (Closer)\n\nHere's the link if you wanna download it... it's on 1080p\nhttps://t.co\xe2\x80\xa6"""
2020-02-28 17:48:35,b'@btsinpics @YouTube Thinks they are smart EVERY ARMY RATE YT A 1 STAR ON GOOGLE PLAY they thought they could play with us'
2020-02-28 17:48:33,b'RT @little_dipperPH: [PH GO] \xf0\x9f\x8c\xb8 \xf0\x9d\x99\x8e\xf0\x9d\x99\x8e\xf0\x9d\x99\x86\xe2\x80\x94\xe2\x80\x94\xf0\x9d\x99\x8e\xf0\x9d\x99\x8b\xf0\x9d\x99\x8d\xf0\x9d\x99\x84\xf0\x9d\x99\x89\xf0\x9d\x99\x82 \xf0\x9d\x99\x8e\xf0\x9d\x99\x8b\xf0\x9d\x99\x80\xf0\x9d\x98\xbe\xf0\x9d\x99\x84\xf0\x9d\x98\xbc\xf0\x9d\x99\x87 \xf0\x9d\x99\x86\xf0\x9d\x99\x84\xf0\x9d\x99\x8f      \xf0\x9d\x92\x87\xf0\x9d\x92\x90\xf0\x9d\x92\x93 \xf0\x9d\x91\xbb\xf0\x9d\x91\xa8\xf0\x9d\x91\xac\xf0\x9d\x92\x80\xf0\x9d\x91\xb6\xf0\x9d\x91\xb5\xf0\x9d\x91\xae by @centrici_ty #NCT #NCT127 #TAEYONG \n\xf0\x9f\x92\xb8Php 1020 - Php 1150\n+ ISF a\xe2\x80\xa6'
2020-02-28 17:48:33,b'RT @AdamSB___: Google whenever I sign in on a new device.'
2020-02-28 17:48:33,"b'@kestinen @nihilocrat Because ""margravedom"" isn\'t used. It\'s theoretically an acceptable formation from ""margrave"",\xe2\x80\xa6 https://t.co/yjPZoS53hW'"
2020-02-28 17:48:32,"b'RT @midnightkiss_kr: \xf0\x9d\x90\x87\xf0\x9d\x90\x80\xf0\x9d\x90\x8f\xf0\x9d\x90\x8f\xf0\x9d\x90\x98 \xf0\x9d\x90\x81\xf0\x9d\x90\x88\xf0\x9d\x90\x91\xf0\x9d\x90\x93\xf0\x9d\x90\x87\xf0\x9d\x90\x83\xf0\x9d\x90\x80\xf0\x9d\x90\x98 \xf0\x9d\x90\x93\xf0\x9d\x90\x8e \xf0\x9d\x90\x8e\xf0\x9d\x90\x94\xf0\x9d\x90\x91 \xf0\x9d\x90\x92\xf0\x9d\x90\x87\xf0\x9d\x90\x88\xf0\x9d\x90\x8d\xf0\x9d\x90\x88\xf0\x9d\x90\x8d\xf0\x9d\x90\x86 \xf0\x9d\x90\x92\xf0\x9d\x90\x93\xf0\x9d\x90\x80\xf0\x9d\x90\x91, \xf0\x9d\x90\x96\xf0\x9d\x90\x8e\xf0\x9d\x90\x8e\xf0\x9d\x90\x98\xf0\x9d\x90\x8e\xf0\x9d\x90\x94\xf0\x9d\x90\x8d\xf0\x9d\x90\x86.\n\n#\xeb\x9a\x9c\xeb\x9a\x9c\xec\x99\x95\xec\x9e\x90\xeb\x8b\x98_\xec\x9a\xb0\xec\x98\x81\xec\x95\x84_\xec\x83\x9d\xec\x9d\xbc\xec\xb6\x95\xed\x95\x98\xed\x95\xb4\n#Prince_Wooyoung_Day\n\n\xf0\x9d\x90\x85\xf0\x9d\x90\xab\xf0\x9d\x90\x9e\xf0\x9d\x90\x9e \xf0\x9d\x90\x9d\xf0\x9d\x90\xa2\xf0\x9d\x90\xa0\xf0\x9d\x90\xa2\xf0\x9d\x90\xad\xf0\x9d\x90\x9a\xf0\x9d\x90\xa5 \xf0\x9d\x90\xa9\xf0\x9d\x90\xa1\xf0\x9d\x90\xa8\xf0\x9d\x90\xad\xf0\x9d\x90\xa8\xf0\x9d\x90\x9b\xf0\x9d\x90\xa8\xf0\x9d\x90\xa8\xf0\x9d\x90\xa4: https://\xe2\x80\xa6'"
2020-02-28 17:48:31,b'Students working together on a Google Slide. #DLDay2020 #dcsdtransforms https://t.co/L5lio5gHHB'
2020-02-28 17:48:31,b'RT @FCBayernEN: 1\xef\xb8\x8f\xe2\x83\xa32\xef\xb8\x8f\xe2\x83\xa30\xef\xb8\x8f\xe2\x83\xa3 years FC Bayern \xf0\x9f\x94\xb4\xe2\x9a\xaa\n\nWhat was your most emotional moment in our club history\xe2\x9d\x93 Vote now! \xe2\x9e\xa1\xef\xb8\x8f https://t.co/oFKLraXPfv\xe2\x80\xa6'
2020-02-28 17:48:30,b'RT @little_dipperPH: [PH GO] TILL THE TOP 2nd Photo Book FOR #Seventeen #Hoshi &lt; BORN TO BE &gt; by @_tillthetop \n\xf0\x9f\x92\xb8Php 2100\n+ ISF and LSF\n\n\xf0\x9f\x97\x93\xef\xb8\x8fD\xe2\x80\xa6'
2020-02-28 17:48:30,"b""RT @TheRealKhabri: Please don't google it now,\xf0\x9f\x99\x84 warna wahan b yeh aajayega\n\xf0\x9f\x91\x87\xf0\x9f\x91\x87\xf0\x9f\x91\x87\xf0\x9f\x91\x87 https://t.co/uyZrUuyHkK"""
2020-02-28 17:48:30,b'Our Engagement Team Lead just held a lunch &amp; learn for all of our engineers to teach them how to use Google Calenda\xe2\x80\xa6 https://t.co/TaaF61Zloe'
2020-02-28 17:48:29,"b""RT @Rav1989: anchor: you're a medical doctor, surely you've heard of toxic masculinity? Have you heard of google? \xf0\x9f\xa4\xa3\xf0\x9f\xa4\xa3\n\nHonestly: Oliver shou\xe2\x80\xa6"""
2020-02-28 17:48:29,b'RT @googleanalytics: Exploring Advanced Cohort Analysis In Google Analytics App + Web https://t.co/KVL1nJn2eH /via @DELVEDeeperNow #measure\xe2\x80\xa6'
2020-02-28 17:48:28,b'RT @WtonforEveryone: #WEMakeOurCityFest Would you be interested in helping us blow giant bubbles of joy in the city centre as part of the W\xe2\x80\xa6'
2020-02-28 17:48:26,"b'RT @SabihUlHussnain: PM Imran Khan rose to power because of his party\xe2\x80\x99s strong presence on social media, a fact he acknowledges. But now th\xe2\x80\xa6'"
2020-02-28 17:48:25,"b'@KofC Brother Knights, I am working to catalog &amp; map all Lenten fish fries, soup suppers, and meatless meals hosted\xe2\x80\xa6 https://t.co/DbamBT6o79'"
2020-02-28 17:48:24,b'@GeorgeHayduke16 @Kokomothegreat George you should google it.'
2020-02-28 17:48:23,"b'OPEN AU SUCKSEED GEN3 \xf0\x9f\x92\x90\n08/02 - xx/xx ( Nct , Way V )\n\nhastag ; #3rdsuckseedgenx\nlink ; https://t.co/qHcAYRKaCl\nsos\xe2\x80\xa6 https://t.co/k4D7zmmi5s'"
2020-02-28 17:48:23,b'#YtBring67MBack\nYouTube you should be ashamed of your self deleting view off of  BTS video us army work hard to get\xe2\x80\xa6 https://t.co/Y1zUGgo22R'
2020-02-28 17:48:23,"b'@DerAchsenZeit @spatrickbarron He was actually pretty based, as such things went. Google him.\nI think nobody back t\xe2\x80\xa6 https://t.co/BbA84BkN2C'"
2020-02-28 17:48:22,b'Thanks to @mikepope for pointing out all the many MISCHIEF brand names. https://t.co/tEKUxWW6LA'
2020-02-28 17:48:22,b'@VoiceOfTheStar Most people barley understand the nature of it and fear the amylase caused by the disease. They cou\xe2\x80\xa6 https://t.co/VyGVtBqAyA'
2020-02-28 17:48:22,b'RT @sportbible: Go and type \xe2\x80\x9cempty seats\xe2\x80\x9d into the Google Maps search engine. \xf0\x9f\x98\xac https://t.co/GH2CYCmhM6'
2020-02-28 17:48:22,"b""@Thoobn @Veliministriari If you want I can do a more well-considered writeup that isn't stream-of-consciousness and\xe2\x80\xa6 https://t.co/yyG7WGAlsO"""
2020-02-28 17:48:21,b'RT @little_dipperPH: [PH GO] #VICTON Subin Slogan by @lovefilter_sb \n\xf0\x9f\x92\xb8Php 800\n+ ISF and LSF\n\n\xf0\x9f\x97\x93\xef\xb8\x8fDOO: 03/13\n\xf0\x9f\x97\x93\xef\xb8\x8fDOP: 03/14\n\xf0\x9f\x93\xa9FORM: https://t.co/\xe2\x80\xa6'
2020-02-28 17:48:21,b'RT @IMJOONSCRAB: Army! As you might know Ytb did delete some of our views! Instead of tagging them on twt and trending a hstg i made a temp\xe2\x80\xa6'
2020-02-28 17:48:21,"b'RT @AnneDestiny1: Google Translate Overcomes Difficulties To Add Tatar, Turkmen, Uyghur Languages https://t.co/XwcAk4wtDd'"
2020-02-28 17:48:20,b'@carnyvale google\nalso picsart lmao'
2020-02-28 17:48:20,b'@voguebusiness @maghanmcd @Google @Facebook @amazon @Pinterest @eTailNews Our research shows us that #GenZ would ra\xe2\x80\xa6 https://t.co/jZnkGVJqRy'
2020-02-28 17:48:20,"b'#QANONS~ ODD, GOOGLE IS USING THIS PICTURE: VERY ODD. https://t.co/EWnZUL6yfh'"
2020-02-28 17:48:19,b'Orlando Weeks - Safe In Sound https://t.co/dqVNkdcc2K #NowPlaying #6music'
2020-02-28 17:48:19,"b""@cumbriaoldrural I'd better Google that. https://t.co/e0cvOuNd2w"""
2020-02-28 17:48:19,b'@UKAstroNut Odd. I know at least one person that installed it okay on the s7. I gave it a google and it might be do\xe2\x80\xa6 https://t.co/Pgfp9Rh2l3'
2020-02-28 17:48:16,b'RT @TheBarbNation: Google is free https://t.co/sHSVi5TyNw'
2020-02-28 17:48:16,b'RT @amardeepkaushal: \xf0\x9f\x94\xa5 We just ported #Python to #WebAssembly WASI.\n\nNow you can run the Python REPL in your browser (&amp; desktop!) without a\xe2\x80\xa6'
2020-02-28 17:48:16,b'#GoogleDoodle NH Dini\xe2\x80\x99s 84th Birthday https://t.co/UxQOlqmxkJ https://t.co/pV6fsTfHm5'
2020-02-28 17:48:16,"b'OPEN AU SUCKSEED GEN3 \xf0\x9f\x92\x90\n08/02 - xx/xx ( Nct , Way V )\n\nhastag ; #3rdsuckseedgenx\nlink ; https://t.co/FQ2TbqchOB\nsos\xe2\x80\xa6 https://t.co/MoC0MNGUaq'"
2020-02-28 17:48:15,b'RT @AdamSB___: Google whenever I sign in on a new device.'
2020-02-28 17:48:15,"b""RT @TheRealKhabri: Please don't google it now,\xf0\x9f\x99\x84 warna wahan b yeh aajayega\n\xf0\x9f\x91\x87\xf0\x9f\x91\x87\xf0\x9f\x91\x87\xf0\x9f\x91\x87 https://t.co/uyZrUuyHkK"""
2020-02-28 17:48:14,"b'RT @NancyNoCo24: Kevin McCarthy blaming Google for Wikipedia edits :\n\xe2\x80\x9cIf you looked up the Republican Party, it said our ideology was Nazis\xe2\x80\xa6'"
2020-02-28 17:48:13,b'#CLC #Yeeun Instagram Live 200228 https://t.co/Td7LbwEFPW\n\nThree songs got copyright struck in this YT reupload so\xe2\x80\xa6 https://t.co/Gdt8VhmAMV'
2020-02-28 17:48:12,"b'A9) In all honesty, I\xe2\x80\x99m not super familiar with this yet. After a bit of searching on @Google this seemed like a he\xe2\x80\xa6 https://t.co/zkxA39D7ns'"
2020-02-28 17:48:12,b'@maeves_gail @SergioJSiano If you\xe2\x80\x99re interested in receipts: https://t.co/7oHsSeTMpk'
2020-02-28 17:48:12,b'RT @TalkToPayBac: Sign up for our mailing list and get longer snippets and little tidbits cos I love you \xf0\x9f\x98\x81 \n\nhttps://t.co/bhUVY956oC https:\xe2\x80\xa6'
2020-02-28 17:48:12,"b'We must remember that technology remains a tool of humanity.         \n  -Eric Schmidt, CEO of Google'"
2020-02-28 17:48:11,"b'OPEN AU SUCKSEED GEN3 \xf0\x9f\x92\x90\n08/02 - xx/xx ( Nct , Way V )\n\nhastag ; #3rdsuckseedgenx\nlink ; https://t.co/KNEHHnIkrp\nsos\xe2\x80\xa6 https://t.co/FuGIQh8uC4'"
2020-02-28 17:48:10,b'RT @JustInformU: Google cover page has Alice in Wonderland.\n\nPatriots\nAre\nNow\nIn\nControl\n\n#WWG1WGA https://t.co/Y38f1M8ftJ'
2020-02-28 17:48:10,b'@vanvfields Very true. Thanks google!'
2020-02-28 17:48:10,b'RT @mcgrawfeathers: Denver PL did a lot of community engagement and got a mountain of information. Their summary looks nice and I cannot wa\xe2\x80\xa6'
2020-02-28 17:48:10,"b'@walfredo11211 @ArizonaDOT Officer involved shooting. Go to Google and put ""police incident on i-40 on february 28\xe2\x80\xa6 https://t.co/fu1RjwjHFD'"
2020-02-28 17:48:09,"b""@_Sam_says We understand your concern. We suggest you to contact our specialist team for assistance on this. Here's\xe2\x80\xa6 https://t.co/Hx6OKqRptQ"""
2020-02-28 17:48:09,b'RT @asimriazfan15: @TheRealKhabri mere google p to ye aa rha ha. \xf0\x9f\x99\x84\xf0\x9f\x99\x84\npagal admi article likhne se such ho jata ha kia???? https://t.co/KkRcu\xe2\x80\xa6'
2020-02-28 17:48:08,b'20 Principles for Successful Community Organizing\n\n#HelloVoter #EngageEnableEmpower #FridayMotivation \n#FridayReads\xe2\x80\xa6 https://t.co/sClzptCaDK'
2020-02-28 17:48:08,b'@anfchr You have a nice day! Google is your friend. :3'
2020-02-28 17:48:08,"b'RT @abbycohenwl: If you ever want a slogan for a new cult, google ""great taglines about service"" https://t.co/pBMB8zBlDh'"
2020-02-28 17:48:08,b'RT @DDynmt: We are pleased to confirm that #DYNMT will soon be listed on Bit-Z. \n\nWe are running an #airdrop to celebrate and will be givin\xe2\x80\xa6'
2020-02-28 17:48:07,"b'@LadyRedWave @Kat2632 @AdamSchiff So ..if Ed Buck ..Adam Schiff and possibly Ted Lou , routinely get drugged up ..u\xe2\x80\xa6 https://t.co/GABRSDp1tV'"
2020-02-28 17:48:07,"b""It's Barcelona vs Real Madrid in La Liga on Sunday, March 01!\nMake your prediction in this link:\xe2\x80\xa6 https://t.co/AcXkofPFj0"""
2020-02-28 17:48:07,"b""RT @kimparkdaily: Let's channel our anger. \n\n+ Continue to stream ON MV on YT (We goin'100 million) \n+ Stream ON on Spotify\n+ Buy ON on iTu\xe2\x80\xa6"""
2020-02-28 17:48:07,"b""@OhNoSheTwitnt I read an article that a lot of Americans don't know India exists and they google it a lot"""
2020-02-28 17:48:07,b'RT @sportbible: Go and type \xe2\x80\x9cempty seats\xe2\x80\x9d into the Google Maps search engine. \xf0\x9f\x98\xac https://t.co/GH2CYCmhM6'
2020-02-28 17:48:06,b'\xf0\x9f\x94\xb9Sehun/Jongin\n\xf0\x9f\x94\xb9P01\n\xf0\x9f\x94\xb9Requested!\n\xf0\x9f\x94\xb9Claim it here: https://t.co/BX2gGABzew https://t.co/qN9SIPcOui'
2020-02-28 17:48:06,b'RT @ktmoralee: @JohnBou36003587 @DPMcBride @ToryFibs We didn\xe2\x80\x99t have foot and mouth in 2007. It was 2001. Quick google check will tell you.\xe2\x80\xa6'
2020-02-28 17:48:05,"b'#LilBaby just got registered to play soccer in the spring.\nThem: your child only need only needs shin guards, no sp\xe2\x80\xa6 https://t.co/ZTfcg0kA1W'"
2020-02-28 17:48:05,b'We genuinely care about your feedback on our services! \xe2\x98\xba Leave us a review on Google here: https://t.co/hJdWN8Qdmn\xe2\x80\xa6 https://t.co/tKAYqo3MNw'
2020-02-28 17:48:05,b'\xf0\x9f\x94\xb9Sehun/Jongin(Any)\n\xf0\x9f\x94\xb9P02\n\xf0\x9f\x94\xb9Requested!\n\xf0\x9f\x94\xb9Claim it here: https://t.co/BX2gGABzew https://t.co/3zKw5QTEVO'
2020-02-28 17:48:04,b'\xf0\x9f\x94\xb9Sehun/Jongin/Yixing\n\xf0\x9f\x94\xb9P46\n\xf0\x9f\x94\xb9Requested!\n\xf0\x9f\x94\xb9Claim it here: https://t.co/BX2gGABzew https://t.co/uDaUWC3hzz'
2020-02-28 17:48:03,"b'RT @JulieReichwein1: LauraLoomerforCongress has filed conservative bias &amp; anti-trust lawsuits against Twitter, Facebook, Google, &amp; Apple wh\xe2\x80\xa6'"
2020-02-28 17:48:02,b'RT @IMJOONSCRAB: Army! As you might know Ytb did delete some of our views! Instead of tagging them on twt and trending a hstg i made a temp\xe2\x80\xa6'
2020-02-28 17:48:02,b'#NowPlaying Fredo.B - Hold Me Down by Fredo.B \n\nDownload Explode Radio on iTunes/Google Play\nhttps://t.co/FBKr5h0er6'
2020-02-28 17:48:02,"b'RT @Meta_HCIT: @TWDigitalHealth We predict that cyber attack attempts will increase as companies such as Amazon, Google and Apple take on l\xe2\x80\xa6'"
2020-02-28 17:48:02,b'RT @little_dipperPH: [PH GO] Mini #Seonho Rabbit Doll by @EjsxhRl\n\xf0\x9f\x92\xb8Php 1300\n+ ISF and LSF\n\n\xf0\x9f\x97\x93\xef\xb8\x8fDOO: 03/13\n\xf0\x9f\x97\x93\xef\xb8\x8fDOP: 03/14\n\xf0\x9f\x93\xa9FORM: https://t.co/U7\xe2\x80\xa6'
2020-02-28 17:48:02,"b'Google it, Mira! xD #koisuruasteroid https://t.co/UbK6qxI5HP'"
2020-02-28 17:48:01,b'RT @blackpaint96: \xf0\x9f\x8d\x8b\n\nBLACKPAINT CHEERING KIT\nFOR TWICELIGHTS\n\n02.17 - 02.29\n \nForm https://t.co/H5lYALi4TF https://t.co/55dX53uVde'
2020-02-28 17:48:01,"b'i wanted to see what came up on google when i searched my birthname, (cus the last time i did it it was a school ne\xe2\x80\xa6 https://t.co/VmPlz8Cvjn'"
2020-02-28 17:48:01,"b'RT @HarmanManchanda: Google, Facebook &amp; Twitter threatens to shut down Service in Pakistan\n\nMy perspective - They do or not, Indian Govt sh\xe2\x80\xa6'"
2020-02-28 17:48:01,b'@Ragnarly @t_gavington @SamouraiWallet From the Telegram group\xf0\x9f\x91\x87\xf0\x9f\x8f\xbb\n\nCheap Android Phones:\n\nNokia 5 $80-$100\nPixel 2 $\xe2\x80\xa6 https://t.co/IGy7fvR7RD'
2020-02-28 17:48:01,b'#ICYMI How to Find Top Referral Traffic Sources in Google Analytics (Easy Way) - https://t.co/4XZamSSCF3'
2020-02-28 17:48:00,"b""The irony of all things, me having to prove to Google I'm not a robot."""
2020-02-28 17:47:59,b'Aye google how much Spotify &amp; Apple Music pay for 1 million streams than Dm Me'
2020-02-28 17:47:58,b'Bristow Newsletter!! https://t.co/HMRZzUQ3lF'
2020-02-28 17:47:58,"b""RT @little_dipperPH: [PH GO] #BLACKPINK - BLACKPINK's 2020 WELCOMING COLLECTION \n\xf0\x9f\x92\xb8Php 2200 \n+ LSF \n\n\xf0\x9f\x97\x93DOP: 03/02\n\xf0\x9f\x93\xa9FORM: https://t.co/WQ9BlB5\xe2\x80\xa6"""
2020-02-28 17:47:57,b'RT @WtonforEveryone: #WEMakeOurCityFest On Sat 21st March we will be curating a silent disco! \xf0\x9f\x8e\xa7\xf0\x9f\x8e\xb6 We need a budding John Travolta \xf0\x9f\x95\xba\xf0\x9f\x8f\xbb or Darc\xe2\x80\xa6'
2020-02-28 17:47:57,b'RT @Bybit_Official: Trade on #Bybit - The Best #Cryptocurrency Derivatives Exchange\n\n $BTC | $ETH | $EOS | $XRP\n\xf0\x9f\x9a\xab No overloads &amp; downtimes\xe2\x80\xa6'
2020-02-28 17:47:57,b'RT @IMJOONSCRAB: Army! As you might know Ytb did delete some of our views! Instead of tagging them on twt and trending a hstg i made a temp\xe2\x80\xa6'
2020-02-28 17:47:56,b'RT @LuluLemew: #PSAparents #Recruitment #HateIsNotAHoax \nThis is a short clip from a talk @cpicciolini gave at\nGoogle in May of 2017. \n\nI u\xe2\x80\xa6'
2020-02-28 17:47:56,b'@AnjaKaradeglija Scary! But on a side note: what did people do before Google?'
2020-02-28 17:47:55,"b""RT @little_dipperPH: [PH GO] #WINNER - WINNER's 2020 WELCOMING COLLECTION [in BALI]\n\xf0\x9f\x92\xb8Php 2200\n+LSF\n\n\xf0\x9f\x97\x93DOP: 03/02\n\xf0\x9f\x93\xa9FORM: https://t.co/WQ9BlB5\xe2\x80\xa6"""
2020-02-28 17:47:54,"b'RT @faris: Having worked on a few \xe2\x80\x98sexy\xe2\x80\x99 brands - Nike, google, Nokia (at the time!), Honda (cog), orange wednesdays, Coca Cola, Sony (Ball\xe2\x80\xa6'"
2020-02-28 17:47:53,"b'""Google ... can track your physical location even if you turn off location services using info gathered from Wi-Fi\xe2\x80\xa6 https://t.co/68xTEybJFC'"
2020-02-28 17:47:53,"b""RT @Sadatunnisa1: #YtBring67MBack DIDN'T KNOW YOUTUBE COULD ALSO DO SOMETHING LIKE THIS, IS YOUTUBE A PERSON? IS IT AN ANTI-ARMY ?? \xf0\x9f\x99\x84\xf0\x9f\x99\x84 C'MO\xe2\x80\xa6"""
2020-02-28 17:47:53,b'RT @niniscope: [ENG] EXplOration in Japan Full Concert + Documentary\n1080p &amp; 720p links: https://t.co/1fvDESfTZX\n\nDo not repost / reupload\xe2\x80\xa6'
2020-02-28 17:47:53,b'Now Playing on SpurRadio Old Dominion - Never Be Sorry.  Download the SpurRadio App from Google Play Store or Apple\xe2\x80\xa6 https://t.co/XpRO9TB5GB'
2020-02-28 17:47:52,"b'RT @suckseedxnct: OPEN AU SUCKSEED GEN3 \xf0\x9f\x92\x90\n08/02 - xx/xx ( Nct , Way V )\n\nhastag ; #3rdsuckseedgenx\nlink ; https://t.co/24rSEUrM8a\nsos ; @su\xe2\x80\xa6'"
2020-02-28 17:47:52,b'RT @hectorology: Operational Changes for the Home in response to #COVID19. For immediate adoption by households.\nas recommended by yours tr\xe2\x80\xa6'
2020-02-28 17:47:51,"b'RT @GOPLeader: In the 2018 election, Google classified Republicans as Nazis.\n \nGoogle amounts for 90% of all searches. We cannot allow big\xe2\x80\xa6'"
2020-02-28 17:47:51,"b'RT @HarmanManchanda: Google, Facebook &amp; Twitter threatens to shut down Service in Pakistan\n\nMy perspective - They do or not, Indian Govt sh\xe2\x80\xa6'"
2020-02-28 17:47:51,b'RT @little_dipperPH: [BATCH 2] PH GO #ASTRO Special Single Album &lt;ONE&amp;ONLY&gt;   \n\xf0\x9f\x92\xb8Php 750 \nAll in + LSF\n\n\xf0\x9f\x97\x93DOO: 02/29 11 PM\n\xf0\x9f\x97\x93DOP: 03/15\n\xf0\x9f\x93\xa9FORM:\xe2\x80\xa6'
2020-02-28 17:47:50,"b'RT @HockeyHackCan: We are excited to announce that we will be awarding the ""Chilling with Charlie Top Woman Presenter"" 125$ prize at each c\xe2\x80\xa6'"
2020-02-28 17:47:50,"b'RT @GOPLeader: In the 2018 election, Google classified Republicans as Nazis.\n \nGoogle amounts for 90% of all searches. We cannot allow big\xe2\x80\xa6'"
2020-02-28 17:47:49,"b'@CDCTobaccoFree vape &amp; enjoy quitting with a built in support system,or use a traditional cessation aid, be miserab\xe2\x80\xa6 https://t.co/l99lKCx18i'"
2020-02-28 17:47:49,"b'RT @Ohio_Buckeye_US: Visit the #StockMarketCrash2020 hashtag.\n\nLiberals are thrilled to see the stock markets tank.\n\nGreat time to buy low,\xe2\x80\xa6'"
2020-02-28 17:47:47,"b""RT @kimparkdaily: Let's channel our anger. \n\n+ Continue to stream ON MV on YT (We goin'100 million) \n+ Stream ON on Spotify\n+ Buy ON on iTu\xe2\x80\xa6"""
2020-02-28 17:47:47,"b'@Manishkvsalua09 Regret the inconvenience, Manish. We suggest you to contact our specialist team for assistance on\xe2\x80\xa6 https://t.co/Kbcnqa9Hva'"
2020-02-28 17:47:47,b'Former Google exec Eric Schmidt: US government needs to lead on tech innovation. https://t.co/kGzSwQCLKK There is o\xe2\x80\xa6 https://t.co/whI4IBaghF'
2020-02-28 17:47:45,b'RT @Bruno062418: 1/Alice in Wonderland on the Google home page this am\n\nCelebrating the Feb 28 birthday of the original illustrator for bot\xe2\x80\xa6'
2020-02-28 17:47:45,"b'RT @RayJPolitics2: 2\xe2\x80\xa227\xe2\x80\xa220 We want a FREAK as President? \xf0\x9f\x98\xb3\n\nGet on Google and type in ""Man and Woman by Bernard Sanders"". You\'ll be SHOCKED\xe2\x80\xa6'"
2020-02-28 17:47:44,"b""RT @WFULawSchool: Don't miss our annual Public Interest Law Organization (PILO) Auction this Saturday, Feb. 29 at Joymongers Brewing Compan\xe2\x80\xa6"""
2020-02-28 17:47:44,"b""RT @GoogleDoodles: Today's #GoogleDoodle pays tribute to British illustrator Sir John Tenniel's iconic illustration of Alice &amp; the Cheshire\xe2\x80\xa6"""
2020-02-28 17:47:44,b'RT @IMJOONSCRAB: Army! As you might know Ytb did delete some of our views! Instead of tagging them on twt and trending a hstg i made a temp\xe2\x80\xa6'
2020-02-28 17:47:44,b'@sonalkalra I m searching about you on Google Ap to james bond  hain \xf0\x9f\x98\x86 google bhi kuch  khas information nhi de rha\xe2\x80\xa6 https://t.co/6y18fdrevW'
2020-02-28 17:47:44,b'Written a while ago but still rings true. https://t.co/zk1bIx2sWe'
2020-02-28 17:47:44,"b'@dr_pete @dannysullivan - content - the reason for the web - continues to be expensive to create, particularly if i\xe2\x80\xa6 https://t.co/z32JPpWgZo'"
2020-02-28 17:47:43,"b""if you don't know much about the ballot, here are the slides from our last meeting:\nhttps://t.co/pFxmiuvMOJ"""
2020-02-28 17:47:43,b'@DonaldJTrumpJr @DailyCaller @JoeBiden even Google knows the answer to that one Joe.  Jesus do you ever tell the truth ???'
2020-02-28 17:47:42,b'RT @CherylCuillier: Exciting news from OpenStax about all of its textbooks becoming available as Google Docs for easy customizing! #OpenSta\xe2\x80\xa6'
2020-02-28 17:47:42,b'RT @GreenAppleBikes: Green Apple Bikes needs your help deploying Green Apple Bikes for the Spring Season! Follow the link below to sign up\xe2\x80\xa6'
2020-02-28 17:47:42,"b""A Google Cloud exec explains why a new 'Silicon Slopes' facility, where PayPal is an early customer, could help it\xe2\x80\xa6 https://t.co/sl78PLxbVU"""
2020-02-28 17:47:42,"b'@tinderdistrict @DrRamblings Btw, I found the most likely dog park for Chris Evans to be at when he\xe2\x80\x99s home in LA \nL\xe2\x80\xa6 https://t.co/d6AWgjk6CJ'"
2020-02-28 17:47:42,"b'Video: Google Nofollow Change, Google &amp; Bing Updates, Mobile-First Indexing Push &amp; More https://t.co/ygUmWlfzd7'"
2020-02-28 17:47:41,"b'RT @DepSecHargan: Affected by #SickleCellDisease #SCD #SickleCell? The @HHSCTOOffice wants to learn about your journey, challenges, and ide\xe2\x80\xa6'"
2020-02-28 17:47:41,b'RT @taehyungpic: 200228\n\xe2\x80\x94\n#BlackSwan V Fancam \n\xe2\x86\xachttps://t.co/MoW3uQzI1c\n\n#InnerChildByV\n&gt;YT https://t.co/1wF08UlJLp\n&gt;YT\xe2\x99\xab https://t.co/CLB4T\xe2\x80\xa6'
2020-02-28 17:47:40,"b'RT @GOPLeader: In the 2018 election, Google classified Republicans as Nazis.\n \nGoogle amounts for 90% of all searches. We cannot allow big\xe2\x80\xa6'"
2020-02-28 17:47:40,"b'RT @JulieReichwein1: LauraLoomerforCongress has filed conservative bias &amp; anti-trust lawsuits against Twitter, Facebook, Google, &amp; Apple wh\xe2\x80\xa6'"
2020-02-28 17:47:39,"b""@_captainscience More or less. And lots of sugar. Just Google, many recipes. It won't be as thick as the stuff you\xe2\x80\xa6 https://t.co/jD7HjleNEx"""
2020-02-28 17:47:39,"b""Registration's OPEN for FarnhamFRINGEFestival 2020 - June 2020 https://t.co/CEbWzJZqLe. Easy, affordable, fun. Onli\xe2\x80\xa6 https://t.co/rPGW4UEeaS"""
2020-02-28 17:47:38,"b""RT @Sadatunnisa1: #YtBring67MBack DIDN'T KNOW YOUTUBE COULD ALSO DO SOMETHING LIKE THIS, IS YOUTUBE A PERSON? IS IT AN ANTI-ARMY ?? \xf0\x9f\x99\x84\xf0\x9f\x99\x84 C'MO\xe2\x80\xa6"""
2020-02-28 17:47:38,b'RT @ryancasper98: Just helped this guy get xenophage and I was going back and forth to google translate to talk with him and he is now my f\xe2\x80\xa6'
2020-02-28 17:47:38,b'RT @zaproxy: We are delighted to announce that @sshniro is now a member of the ZAP Core Team https://t.co/a4Rg13gHG8'
2020-02-28 17:47:37,b'RT @niniscope: [ENG] EXplOration in Japan Full Concert + Documentary\n1080p &amp; 720p links: https://t.co/1fvDESfTZX\n\nDo not repost / reupload\xe2\x80\xa6'
2020-02-28 17:47:37,b'#Nowplaying https://t.co/LJqOTI1Ef9 - Millenium Hits on Affinity Radio - Your Station - Your Music - Your Choice. T\xe2\x80\xa6 https://t.co/KeFZG6QfLn'
2020-02-28 17:47:37,"b'tell me why im 1 semester away from a degree in biology, yet i just found this google search from 4 am https://t.co/6rSQ86Didp'"
2020-02-28 17:47:36,"b'RT @eriblinkeu: \xf0\x9d\x90\x85\xf0\x9d\x90\xa8\xf0\x9d\x90\xab \xf0\x9f\x8c\xba \xf0\x9d\x90\x8b\xf0\x9d\x90\x9a\xf0\x9d\x90\xa5\xf0\x9d\x90\xa2\xf0\x9d\x90\xac\xf0\x9d\x90\x9a \nA birthday cupsleeve event for Lisa\n\n\xf0\x9f\x8c\xb7March 28, 2020 3-6 PM\n\xf0\x9f\x8c\xb7Flamingo Bloom, SM North\n\nForm: https://t.co/YcU\xe2\x80\xa6'"
2020-02-28 17:47:36,b'@min0613_twt @jksgalaxies ok but speak in english too please\nmy google translate is bad'
2020-02-28 17:47:36,b'RT @heyawhite: I am *SO* excited. @Google has released a technical writing course for engineers. This has been in the works for a long time\xe2\x80\xa6'
2020-02-28 17:47:36,b'RT @tedlieu: There is a big ballot flaw in LA County ballots. Half the voters in my district won\xe2\x80\x99t see my name or other candidates unless t\xe2\x80\xa6'
2020-02-28 17:47:36,b'RT @evefingdonnelly: Hookup culture w busy ppl is no joke you gotta coordinate so much I\xe2\x80\x99m thinking of just adding guys to a google spreads\xe2\x80\xa6'
2020-02-28 17:47:35,b'RT @jhcoleman2225: @ewarren You definitely don\xe2\x80\x99t need our money https://t.co/wqNXgW1LjY'
2020-02-28 17:47:35,"b'Matthew 24:7 For nation shall rise against nation, and kingdom against kingdom: and there shall be famines, and pes\xe2\x80\xa6 https://t.co/0sMxA6FoJP'"
2020-02-28 17:47:35,b'RT @kook_yoshi: HEY! JUST LEAVE A 1-STAR RATING ON THE APP STORE AND GOOGLE PLAY STORE! THAT WAY THEIR RATINGS CAN GO DOWN! I KNOW THAT WE\xe2\x80\x99\xe2\x80\xa6'
2020-02-28 17:47:35,b'RT @artbyMYEONFNTY: \xe3\x80\x8e BATCH 1 \xe2\x99\xa1 EXOSTAGRAM SERIES PHONE CASES \xe2\x99\xa1 \xe3\x80\x8f\n\n\xf0\x9f\x8f\xb7 Php 350 each\n\xf0\x9f\x93\x8c3D Hard Case Only\n\xf0\x9f\x93\x8c MOP: BPI/GCASH/Paypal\n\xf0\x9f\x93\x8cOrder and Pay\xe2\x80\xa6'
2020-02-28 17:47:34,b'@bulbazaar Google assistant'
2020-02-28 17:47:34,b'RT @TexasBBSA: The community service day is right around the corner!!!! Don\xe2\x80\x99t forget to sign up and COME OUT!!! https://t.co/ivL2lzM5Xv htt\xe2\x80\xa6'
2020-02-28 17:47:33,b'RT @CalebHeeringa: Facebook has unrepentantly broken WA election law for years and dared the state to do something. Fully support @BobFergu\xe2\x80\xa6'
2020-02-28 17:47:32,b'RT @Qwophy_Cutebwoy: This track is  #TooMuch trust me \n#TooMuch by  @AlmightyTrei ft  @Quamina_Mp \n\niTunes:https://t.co/lLP3hC2adG\n\nApple:h\xe2\x80\xa6'
2020-02-28 17:47:31,b'RT @Happiness_GOs: [\xf0\x9f\x87\xba\xf0\x9f\x87\xb8\xf0\x9f\x87\xa8\xf0\x9f\x87\xa6USA/CAN GO] @ssg0210 Seulgi Coke Slogan Set\n\n#SEULGI #REDVELVET @RVsmtown \n\n\xf0\x9f\x8c\x88$25\n\xf0\x9f\x8c\x88Deadline: 3/6 @ 8PM CST\n\xf0\x9f\x8c\x88Form: ht\xe2\x80\xa6'
2020-02-28 17:47:30,b'New BLACKJACK CASINO 2020 #ACES code!\n\xf0\x9f\x92\xb0\nPlay Blackjack casino 2020! \xf0\x9f\xa4\x9f\nLink in bio and here \xf0\x9f\x91\x89\xe2\x80\xa6 https://t.co/Pr6BN1VKDQ'
2020-02-28 17:47:30,b'RT @Mitch_wolfgang: I just learned how to reverse image search on google.... catfish... I\xe2\x80\x99m on to you'
2020-02-28 17:47:30,"b'RT @celeste134340: Let\xe2\x80\x99s focus our energy now on audio streams such as Spotify, Google Play, Apple Music, etc. Don\xe2\x80\x99t be discouraged. We did\xe2\x80\xa6'"
2020-02-28 17:47:30,b'Go and type \xe2\x80\x9cempty seats\xe2\x80\x9d into the Google Maps search engine. \xf0\x9f\x98\xac https://t.co/GH2CYCmhM6'
2020-02-28 17:47:29,b'@bill_slawski @methode since when has the SEO industry stopped treating something as a ranking factor simply becaus\xe2\x80\xa6 https://t.co/bzzRMqvz5Y'
2020-02-28 17:47:29,b'RT @IMJOONSCRAB: Army! As you might know Ytb did delete some of our views! Instead of tagging them on twt and trending a hstg i made a temp\xe2\x80\xa6'
2020-02-28 17:47:29,b'RT @RemiJS90: Please consider signing this open letter to Andy Burnham. The letter highlights some of the issues with an increasing police\xe2\x80\xa6'
2020-02-28 17:47:29,b'RT @Principal_KL: Help us celebrate! \xf0\x9f\x8d\x80 https://t.co/Ta4C4PGBzk https://t.co/CXmzZQVAmF'
2020-02-28 17:47:29,"b'#Facebook, #Twitter, #Google threaten to suspend services in #Pakistan after new #socialmedia regulations https://t.co/Torld4nLSD'"
2020-02-28 17:47:28,"b""@iilovebmth here's your word cloud :3 (sponsored by Walloop - Live Wallpapers https://t.co/X9KNfYUf8q ) https://t.co/5aN8VZPUQG"""
2020-02-28 17:47:28,b'google search \xe2\x80\x9cchicken parmesan sandwich new haven\xe2\x80\x9d'
2020-02-28 17:47:27,b'@noahlove this is the fifth Google search result for me under Bruce Arthur Sochi 2014 https://t.co/OmH7wvXXVN'
2020-02-28 17:47:27,b'@ThatBWord1 Hit that google and find your next one!'
2020-02-28 17:47:25,b'RT @taehyungpic: 200227\n\xe2\x80\x94\nMcountdown\n#BlackSwan https://t.co/fGxVsOUbW3\n\n#InnerChildByV\n&gt;Spotify https://t.co/7I2n29Xdh9\n&gt;\xef\xa3\xbfhttps://t.co/7sl\xe2\x80\xa6'
2020-02-28 17:47:25,b'We genuinely care about your feedback on our services! \xe2\x98\xba Leave us a review on Google here: https://t.co/Q3cHFRniwi\xe2\x80\xa6 https://t.co/fZH4QNFCPV'
2020-02-28 17:47:24,b'RT @heyawhite: I am *SO* excited. @Google has released a technical writing course for engineers. This has been in the works for a long time\xe2\x80\xa6'
2020-02-28 17:47:24,"b'RT @EuphoriasGO: [CAN \xf0\x9f\x87\xa8\xf0\x9f\x87\xa6 GO] #\xed\x83\x9c\xec\x9a\x94\xeb\xaf\xb8\xea\xb1\xb4 V Slogan\n\n\xf0\x9f\x8c\x88 Magical Slogan by @ONSPOT_twt \n\xf0\x9f\x8c\x88 Price: $11 USD\n\xf0\x9f\x97\x93Closing: 03/10, 2019 @ 11:59PM PST\n\xf0\x9f\x97\x92 Form:\xe2\x80\xa6'"
2020-02-28 17:47:24,b'Calendar view in MailChimp. Lovely feature. Want to make it mind blowingly awesome? Figure out a way to autotag my\xe2\x80\xa6 https://t.co/3uy08WDnGn'
2020-02-28 17:47:23,"b'Google, Facebook &amp; Twitter threatens to shut down Service in Pakistan\n\nMy perspective - They do or not, Indian Govt\xe2\x80\xa6 https://t.co/9DOTiUXNeb'"
2020-02-28 17:47:23,b'RT @Bruno062418: 1/Alice in Wonderland on the Google home page this am\n\nCelebrating the Feb 28 birthday of the original illustrator for bot\xe2\x80\xa6'
2020-02-28 17:47:23,b'World\xe2\x80\x99s Largest Human Resources Firm Adopts #SmartContracts Platform - #Blockchain #Google #Identity #Privacy\xe2\x80\xa6 https://t.co/1nNTEuiFYU'
2020-02-28 17:47:22,"b'RT @MomentsWithBren: Google may be the most popular search engine, but here are 14 alternative you can \xe2\x80\x93 and should \xe2\x80\x93 try. Many of these al\xe2\x80\xa6'"
2020-02-28 17:47:22,"b""@EndH8InHawaii Can't understand Hawaiian? Did you try taking each word and google it then figure out the sentence.\xe2\x80\xa6 https://t.co/B2PzhSbjXi"""
2020-02-28 17:47:22,b'RT @dynn0115: \xf0\x9f\x93\x8d (Pls. RT) : \xe0\xb8\xaa\xe0\xb8\xb8\xe0\xb9\x88\xe0\xb8\xa1\xe0\xb9\x81\xe0\xb8\x88\xe0\xb8\x81\xe0\xb8\x88\xe0\xb8\xb2\xe0\xb8\x81 rt 1 set \xe0\xb8\x84\xe0\xb9\x88\xe0\xb8\xb0\n\n\xf0\x9f\x92\x9a Pre-Order : NCT ID Photo #3\n\xe2\x8f\xb0 \xe0\xb8\xa7\xe0\xb8\xb1\xe0\xb8\x99\xe0\xb8\x99\xe0\xb8\xb5\xe0\xb9\x89 - 7 \xe0\xb8\xa1\xe0\xb8\xb5.\xe0\xb8\x84. 2020\n\xf0\x9f\x93\xaeREG : 30\xe0\xb8\xbf / EMS : 50\xe0\xb8\xbf\n\nForm : h\xe2\x80\xa6'
2020-02-28 17:47:21,b'Exploring Advanced Cohort Analysis In Google Analytics App + Web https://t.co/arLAP5T7aw /via DELVEDeeperNow\xe2\x80\xa6 https://t.co/boSOamZIxe'
2020-02-28 17:47:21,b'RT @ATEEZ_MOOD: 200228 Logbook 41\n\n#ATEEZ #\xec\x97\x90\xec\x9d\xb4\xed\x8b\xb0\xec\xa6\x88 \n#\xed\x99\x8d\xec\xa4\x91 #\xec\x84\xb1\xed\x99\x94 #\xec\x9c\xa4\xed\x98\xb8\n\n\xf0\x9f\x98\x86https://t.co/HhoxMykPo1 https://t.co/mo6D3JxOt8'
2020-02-28 17:47:21,b'Wait and see... https://t.co/TFD0BpiRN9'
2020-02-28 17:47:21,b'@sound_reasoning @marcushjohnson Catalina Vasquez and Lucy Flores. Trying to find the right link and structure my t\xe2\x80\xa6 https://t.co/KDtIekVFDN'
2020-02-28 17:47:19,"b'RT @GOPLeader: In the 2018 election, Google classified Republicans as Nazis.\n \nGoogle amounts for 90% of all searches. We cannot allow big\xe2\x80\xa6'"
2020-02-28 17:47:19,b'@Google I\xe2\x80\x99m getting somewhat disturbed at the apparent path of bias google has chosen to take in regard to liberal\xe2\x80\xa6 https://t.co/4EyNPH2Wtc'
2020-02-28 17:47:19,"b'RT @kamran148: Facebook, Twitter, Google threaten to suspend services in Pakistan after new social media regulations.\n\xf0\x9f\x98\x85\xf0\x9f\x98\x85&amp; U.Turn ZindaBaad\xe2\x80\xa6'"
2020-02-28 17:47:19,b'3 Scripts Everyone Should Be Using in Google Ads by Sara Vicioso - https://t.co/LYkaqUtx9I https://t.co/8wO1i4R599'
2020-02-28 17:47:18,"b""Europe's epidemic: how coronavirus radiated out from Italy - The Guardian https://t.co/u7h1dpmUWZ"""
2020-02-28 17:47:17,b'RT @smx: .@Google has been experimenting with public search profile cards: https://t.co/CBjQyTcLgF via @geochingu'
2020-02-28 17:47:17,b'@DisneyPlusUK List of currently announced titles on disney plus from adverts https://t.co/K76ssYCG1q'
2020-02-28 17:47:17,"b'Just came back from grocery shopping and @Google maps notified me afterwards, asking ""How was it at [shopping cente\xe2\x80\xa6 https://t.co/7Uv26lwBAc'"
2020-02-28 17:47:17,b'3 Scripts Everyone Should Be Using in Google Ads by Sara Vicioso - https://t.co/LYkaqUtx9I https://t.co/BaKKrJH1Uv'
2020-02-28 17:47:17,b'RT @EdwardGLuce: \xe2\x80\x9cIndia is being led by a man whose political career is marked by the blood of innocents\xe2\x80\x9d. The fearless @RanaAyyub on the s\xe2\x80\xa6'
2020-02-28 17:47:17,"b""RT @JLo: Ain't it funny you thought you could attack my village on @CoinMasterGame and get away with it?!\xf0\x9f\xa4\xa3Download Coin Master now for free\xe2\x80\xa6"""
2020-02-28 17:47:16,"b""RT @IAM_Laura9: Alice In Wonderland... \nToday is the author of AIW \nSir John Tenniel's 200th Birthday\n\nGoogle is 'honoring' his Birthday wi\xe2\x80\xa6"""
2020-02-28 17:47:15,b'Google Facebook Twitter Gave Direction to PM Imran Khan https://t.co/bnPzuk2LF6 via @YouTube'
2020-02-28 17:47:15,"b'RT @renoomokri: If your wedding is costing more than your net worth, the likelihood of your future divorce increases by more than 100%. Mon\xe2\x80\xa6'"
2020-02-28 17:47:15,b'RT @we_fightt: [GOOGLE PLAY] Top20 \xf0\x9f\x87\xa7\xf0\x9f\x87\xb7\n\n#1. ON\n#2. ON (Feat. Sia)\n#3. Filter\n#4. Inner Child\n#5. Louder Than Bombs\n#6. WAB: The Eternal\n#7.\xe2\x80\xa6'
2020-02-28 17:47:15,"b'#Join the daily lucky draw &amp; Win a phone In Opay#\n\xf0\x9f\x92\xa5200,000 chances per day\n\xf0\x9f\x92\xa5Prizes:  phone, \xe2\x82\xa6100 , \xe2\x82\xa650 , etc\n\xf0\x9f\x92\xa5Fill\xe2\x80\xa6 https://t.co/jSdHkjANDC'"
2020-02-28 17:47:14,b'@cantfindlulu @_b_a_y_l_e_e__ And Google finds it'
2020-02-28 17:47:14,"b""RT @NorwegianBAS: [Google Play Music Charts\xf0\x9f\x87\xb3\xf0\x9f\x87\xb4]\n\nMAP OF THE SOUL: 7 and title track 'ON' by @BTS_twt are currently #1 on the Norwegian Top A\xe2\x80\xa6"""
2020-02-28 17:47:14,"b'@waspsfan1 Thanks for following us, join the discussion in the app! iOS at https://t.co/xiW8vGc3jl &amp; Android at https://t.co/CmsrYbNrHD'"
2020-02-28 17:47:14,"b'RT @GraanaCom: Happening next week - March 7-8, 2020!\nGear up for Graana Hackathon, an intensive 48-hour tech sprint for developers and dat\xe2\x80\xa6'"
2020-02-28 17:47:14,b'Another person just signed up for: !!\n\n- wanna join a gc?\n\n- looking for new mutuals?\n\n- check out the google form\xe2\x80\xa6 https://t.co/RYfFjoWkoD'
2020-02-28 17:47:14,"b""RT @YokuGrapeCrepe: Throwing up a temporary(maybe permanent) commission deal atm. It's experimental, so let me know what you think!\n\nIf you\xe2\x80\xa6"""
2020-02-28 17:47:13,"b'Is your #SEO almost there? Overhaul your ""almost"" pages!\n\nLook at your #content that almost ranks high and rewrite\xe2\x80\xa6 https://t.co/Db9gHd3Ko7'"
2020-02-28 17:47:13,b'RT @IMJOONSCRAB: Army! As you might know Ytb did delete some of our views! Instead of tagging them on twt and trending a hstg i made a temp\xe2\x80\xa6'
2020-02-28 17:47:13,"b'RT @_jxffrin: ""If it was a white child who had drowned while surrounded by 14 black youths I am sure the approach of both the police and CP\xe2\x80\xa6'"
2020-02-28 17:47:13,"b""RT @notgdc: Once we launch, being a part of #notGDC is as simple as submitting a Google form - just link us to what you've made, and we'll\xe2\x80\xa6"""
2020-02-28 17:47:12,b'RT @RippleCreekNW: @edgeben @Farmerssustain @ganikol @prometheusgreen @JoannaBlythman @GMWatch @gatesfoundation @EPA @stuartsmyth66 @pdqbac\xe2\x80\xa6'
2020-02-28 17:47:11,"b'@ChiragPatelCp2 Hi Chirag, have you tried using Community Support where our team and other experts can give you a r\xe2\x80\xa6 https://t.co/8iDBjUR56M'"
2020-02-28 17:47:11,b'RT @JonErlichman: Google\xe2\x80\x99s revenue:\n\n2001:  $86 million\n\n2020: $86 million every 4 hours\nhttps://t.co/nImBJkpbGn'
2020-02-28 17:47:10,"b'RT @miqqumi: [\xf0\x9f\x87\xa8\xf0\x9f\x87\xa6ENG TRANS]\nchapter 20 up, please go here: https://t.co/eb1N1YQYQn\n\n#\xe5\xa4\xa9\xe5\xae\x98\xe8\xb5\x90\xe7\xa6\x8f'"
2020-02-28 17:47:09,b'RT @22shtnamas: Interested in how people create those crazy hilarious memes or awesome quote pictures? You can too with this awesome app. A\xe2\x80\xa6'
2020-02-28 17:47:09,"b""RT @lapcatsoftware: We can debate Swift vs ObjC, SwiftUI vs UIKit vs AppKit, etc., but my feeling is that it's all rearranging deck chairs\xe2\x80\xa6"""
2020-02-28 17:47:08,"b""RT @svtbicol: \xf0\x9f\x8f\xb0\xf0\x9d\x95\xae\xf0\x9d\x96\x86\xf0\x9d\x96\x97\xf0\x9d\x96\x86\xf0\x9d\x96\x99-\xf0\x9d\x96\x99\xf0\x9d\x96\x86\xf0\x9d\x96\x91\xf0\x9d\x96\x8a \xf0\x9d\x95\xb7\xf0\x9d\x96\x86\xf0\x9d\x96\x93\xf0\x9d\x96\x89: a SVT cupsleeve event \xf0\x9f\x8f\xb0\n\nOragon carats! Join us as we celebrate SVT's 5th year of world domination!\n\n\xf0\x9f\x93\x85: 202\xe2\x80\xa6"""
2020-02-28 17:47:07,"b""RT @brinatello: #PeterCapaldi's song, #IfICouldPray by @MonksRoadRecord, is out now! Thanks to @dailycapaldi, here's the links:\n\nGoogle Pla\xe2\x80\xa6"""
2020-02-28 17:47:07,b'RT @AcademySwf: GREAT NEWS!! @AcademySwf has been selected as a Google Summer of Code 2020 mentor organization. A global program focused on\xe2\x80\xa6'
2020-02-28 17:47:07,"b'See what your friends are saying about #J&amp;JExterminating https://t.co/jTbUz54PON,'"
2020-02-28 17:47:07,b'RT @keiki_xx: @TeraTigerStudio Seems like you can turn etsy ads off completely through Google. \n\nWhen you have an etsy ad hit the ! In the\xe2\x80\xa6'
2020-02-28 17:47:07,"b'RT @baba_Omoloro: Dear students, whenever you want to study for an important test, Google \xf0\x9f\x91\x87\xf0\x9f\x91\x87\xf0\x9f\x91\x87 \n\nsite:edu Artificial Intelligence exam \n\n(wh\xe2\x80\xa6'"
2020-02-28 17:47:07,b'google'
2020-02-28 17:47:06,"b'RT @JulieReichwein1: LauraLoomerforCongress has filed conservative bias &amp; anti-trust lawsuits against Twitter, Facebook, Google, &amp; Apple wh\xe2\x80\xa6'"
2020-02-28 17:47:06,b'RT @km_book: \xe2\x9d\xa3\xef\xb8\x8f Kookmin Twitter Selca Photobook Quantity Survey\n\nPlease only fill out the form if you intend to purchase.\nResponse Period:\xe2\x80\xa6'
2020-02-28 17:47:06,b'does anyone know coronavirus symptoms? i genuinley am not well and i\xe2\x80\x99ve been travelling so it wouldn\xe2\x80\x99t be impossibl\xe2\x80\xa6 https://t.co/Y0Ew9LbsnH'
2020-02-28 17:47:05,b'@daniel_m_lavery @TheSpecialK Even knowing this already I did the customary transmasculine Google search just to do\xe2\x80\xa6 https://t.co/3xKhdyWBBu'
2020-02-28 17:47:05,"b'#PlayingNow Maal Himself, Genesis Renji &amp; Camb - Handsome (Prod. By Nori Sky) \nhttps://t.co/Jy14XSrjhl\n#tunein https://t.co/KBQ0fXN4zM'"
2020-02-28 17:47:04,b'RT @IMJOONSCRAB: Army! As you might know Ytb did delete some of our views! Instead of tagging them on twt and trending a hstg i made a temp\xe2\x80\xa6'
2020-02-28 17:47:04,b'RT @IMJOONSCRAB: Army! As you might know Ytb did delete some of our views! Instead of tagging them on twt and trending a hstg i made a temp\xe2\x80\xa6'
2020-02-28 17:47:03,"b""RT @roscoe_p_ny: @mattyglesias Also, you can trace #PeteButtigieg's stump speech to his college writings. Available via Google. His politic\xe2\x80\xa6"""
2020-02-28 17:47:03,"b'""Phone call with Lady Gaga"" by @zanelowe #nowplaying #beats1 https://t.co/Zc8G0kG3JV'"
2020-02-28 17:47:03,b'@ppolitics @30ACTruth @ag_due This is what you want. \n\nIt\xe2\x80\x99s not hard to figure out. \n\nYou are not naive. \n\nYou are\xe2\x80\xa6 https://t.co/2cE5foW5fY'
2020-02-28 17:47:03,"b""A shoutout to Sonos for their 'Brilliant Sound Experience Campaign' \xf0\x9f\x8e\xa7 \xf0\x9f\x8e\xbcwhich was created to celebrate the launch of\xe2\x80\xa6 https://t.co/LCFCpmCR72"""
2020-02-28 17:47:02,b'RT @Shivashishmis17: When Asim told all the time to my Friend @sidharth_shukla what u did in yr life ? I hope @imrealasim and his Bro check\xe2\x80\xa6'
2020-02-28 17:47:02,b'@neuronsparker @CharlesPPierce Luck for us Google goes all the way back to 2016\n\nhttps://t.co/9e41qOjJUY'
2020-02-28 17:47:02,b'Seoul announced Google Cloud came sooner than expected. https://t.co/dkTrYfjov9 #Google #Seoul #cloud https://t.co/caN37n7RUi'
2020-02-28 17:47:01,"b'@DetroitCSC My greatest wish: after a couple weeks all the FB idiots Google Barry, Garth starts actively campaigning for Bernie.'"
2020-02-28 17:47:01,"b'RT @GOPLeader: In the 2018 election, Google classified Republicans as Nazis.\n \nGoogle amounts for 90% of all searches. We cannot allow big\xe2\x80\xa6'"
2020-02-28 17:46:59,"b'RT @underratedkpopp: \xe2\x88\x86 hi friends, so i was curious about a few things - ok mostly one thing but i added in a few extra questions. this sur\xe2\x80\xa6'"
2020-02-28 17:46:59,b'RT @AndrewSisson: So I am casting a Cyberpunk 2020 livestream campaign that should be really cool! Application below \xf0\x9f\x94\xbd\n\n#ttrpg #cyberpunk #\xe2\x80\xa6'
2020-02-28 17:46:58,b'RT @kendo_boy1997: pre-order02 fabric poster\n\xf0\x9f\x92\xac\nnow - 8 MARCH 2020\nhttps://t.co/JBjIqJjWke https://t.co/sKQLPEXIkH'
2020-02-28 17:46:57,b'Google tryna straight up give me a heart attack today I woke up in a pitch dark room and see that creepy af little\xe2\x80\xa6 https://t.co/V1VR7GaEVl'
2020-02-28 17:46:57,"b'RT @GillesDogbo: Just when folks started to think that stuff could not get any worse than #climatechange, a deadly #coronavirus appears and\xe2\x80\xa6'"
2020-02-28 17:46:56,b'RT @CPHFlames: The newest episode of Flames Podcast feat @refrezhCS &amp; @HooXiCSGO is live! We had a chat with our new additions about their\xe2\x80\xa6'
2020-02-28 17:46:56,b'Why does Google vie Native Americans by normalizing inequality'
2020-02-28 17:46:56,b'Why does Google objectify middle eastern people by penalizing aggressor'
2020-02-28 17:46:56,b'Amazon is the latest to ditch GDC this year\nhttps://t.co/rpwC0yoDb4\nGDC\xe2\x80\x99s top sponsors continue to pull out of atte\xe2\x80\xa6 https://t.co/a7c1wDbggI'
2020-02-28 17:46:56,b'Why does Google sexualize politicians by policing lies?'
2020-02-28 17:46:56,b'Why Google sucks: Google divides post-socialist countries by selling information'
2020-02-28 17:46:56,"b'RT @Ashwcash_: GOODMORNING \xe2\x98\x80\xef\xb8\x8f\n\nI am sending out $800- $12,000 to the first 400 people to like , RETWEET &amp; COMMENT tags\xf0\x9f\x99\x8c\xf0\x9f\x8f\xbd\xe2\x9d\xa4\xef\xb8\x8f! (Cashapp  , Goo\xe2\x80\xa6'"
2020-02-28 17:46:56,b'@gazeeebo64 @mandapen @mynameisgill *searches Google for help*'
2020-02-28 17:46:56,b'@BaeRinaaa Google play or applestore'
2020-02-28 17:46:56,b'@FedExHelp Supposed to receive package Monday.  They said the address was bad. Told them to use google maps.  This\xe2\x80\xa6 https://t.co/ziYT8zJRLm'
2020-02-28 17:46:55,b'RT @IMJOONSCRAB: Army! As you might know Ytb did delete some of our views! Instead of tagging them on twt and trending a hstg i made a temp\xe2\x80\xa6'
2020-02-28 17:46:54,b'Microsoft\xe2\x80\x99s Cortana drops consumer skills as it refocuses on business users\nhttps://t.co/LWwWZ1Eax8\nWith the next v\xe2\x80\xa6 https://t.co/UiPFUTMyj5'
2020-02-28 17:46:53,b'RT @srivatsayb: Denial Rates of H1B for Indian IT\n\xf0\x9f\x94\xb8Wipro: 47%\n\xf0\x9f\x94\xb8Infosys: 35%\n\xf0\x9f\x94\xb8TCS: 31%\n\nDenial Rates of H1B for American IT\n\xf0\x9f\x94\xb8Google: 4%\n\xf0\x9f\x94\xb8Ama\xe2\x80\xa6'
2020-02-28 17:46:53,b'I\xe2\x80\x99m in E-S47and my Role Name is hendo. Enter my Invitation Code n9o93f7g to claim Exclusive Rewards for FREE!\n https://t.co/N55RsZCaIA'
2020-02-28 17:46:53,b'RT @chidambara09: 100 #healthworkers were exposed to undiagnosed #coronavirus patient https://t.co/pm9AbnwSdL via @MailOnline \n\n#bigdata \n@\xe2\x80\xa6'
2020-02-28 17:46:53,b'Why does Google categorize black hair by celebrating white privilage'
2020-02-28 17:46:53,b'RT @Bruno062418: 1/Alice in Wonderland on the Google home page this am\n\nCelebrating the Feb 28 birthday of the original illustrator for bot\xe2\x80\xa6'
2020-02-28 17:46:51,"b""RT @TheRealKhabri: Please don't google it now,\xf0\x9f\x99\x84 warna wahan b yeh aajayega\n\xf0\x9f\x91\x87\xf0\x9f\x91\x87\xf0\x9f\x91\x87\xf0\x9f\x91\x87 https://t.co/uyZrUuyHkK"""
2020-02-28 17:46:51,"b'RT @ourdailyplanet: This is one of the best reads this week. We\xe2\x80\x99ve seen a ton of corporate climate commitments in 2020 but, \n\n\xe2\x80\x9cMicrosoft, F\xe2\x80\xa6'"
2020-02-28 17:46:50,b'RT @kalgadoart: -Click direct links from artists/their instagram\n-Go directly to their shop (https://t.co/5fJ06U8epq)\n-If the artist has an\xe2\x80\xa6'
2020-02-28 17:46:50,b'Google alerting me that my fav has new music \xf0\x9f\xa5\xba\xf0\x9f\xa5\xba\xf0\x9f\xa5\xba\xf0\x9f\xa5\xba https://t.co/0npned17hy'
2020-02-28 17:46:48,"b'EKITI DISMISSES THREE RANDY TEACHERS \n\nSafari February 28, 2020\n\nEkiti Government on Friday announced the immediate\xe2\x80\xa6 https://t.co/KQ7JiesWOk'"
2020-02-28 17:46:48,b'RT @gddaengit: google translate was so scared it decided to be accurate for once https://t.co/SCppyR9H6F'
2020-02-28 17:46:47,b'RT @DeidreEversull: Reuters: WHO warns of coronavirus spreading worldwide as five countries report first cases.\nhttps://t.co/Jf8XeuKQN1\n\nvi\xe2\x80\xa6'
2020-02-28 17:46:47,b'RT @flutter_az: Flutter Google Maps and Live Location Tracking\n\n\xe2\x98\x9e https://t.co/JQ564zwH2y\n\n#Flutter https://t.co/5BWZy01h7h'
2020-02-28 17:46:47,b'Facebook has unrepentantly broken WA election law for years and dared the state to do something. Fully support\xe2\x80\xa6 https://t.co/OG9MVlW7vA'
2020-02-28 17:46:46,b'RT @KayleeEValencia: register for IMPACT so I don\xe2\x80\x99t have to cut bangs again pls \n\nhttps://t.co/LxpTSVhbW8'
2020-02-28 17:46:46,b'RT @AdamSB___: Google whenever I sign in on a new device.'
2020-02-28 17:46:46,"b""RT @TheRealKhabri: Please don't google it now,\xf0\x9f\x99\x84 warna wahan b yeh aajayega\n\xf0\x9f\x91\x87\xf0\x9f\x91\x87\xf0\x9f\x91\x87\xf0\x9f\x91\x87 https://t.co/uyZrUuyHkK"""
2020-02-28 17:46:45,"b""RT @jvgraz: Bookmark this incredibly damning article on @ewarren's appropriation of indigenous identity - it's almost impossible to find vi\xe2\x80\xa6"""
2020-02-28 17:46:45,"b""You can ask your Google home what song is playing. She's mad I put on a fleece sweater given to me by my ex roommate's mother."""
2020-02-28 17:46:45,"b'Facebook, Google Deemed a \xe2\x80\x98Threat to Human Rights\xe2\x80\x99 in New Report https://t.co/kGbZidBs6U via @getongab'"
2020-02-28 17:46:44,"b'RT @haraldsc: As goes Bergen, so goes the world? https://t.co/hQnv9BEUPS'"
